#{"t_start": 1650536878.8275077, "env_id": "HCWithPos-v0"}
reward,reward_nc,len,time,constraint
347.82,142.33,1000,4.42,1
238.39,161.89,1000,4.19,1
234.28,234.28,1000,12.63,0
277.78,277.78,1000,3.46,0
248.42,248.42,1000,20.84,0
292.89,166.53,1000,3.53,1
296.48,167.88,1000,17.02,1
352.38,47.83,1000,3.0,1
355.06,66.69,1000,16.84,1
379.79,379.79,1000,3.12,0
387.56,387.56,1000,17.48,0
402.37,402.37,1000,3.02,0
509.61,99.16,1000,16.69,1
480.7,480.7,1000,2.95,0
453.92,49.06,1000,17.45,1
530.08,49.59,1000,3.15,1
471.39,332.56,1000,17.23,1
576.15,418.74,1000,3.13,1
549.57,549.57,1000,17.23,0
619.18,55.19,1000,3.37,1
594.7,61.81,1000,17.06,1
654.34,82.11,1000,3.05,1
702.11,326.0,1000,17.14,1
634.41,634.41,1000,3.3,0
672.16,408.97,1000,16.97,1
603.79,603.79,1000,3.18,0
714.66,198.09,1000,18.08,1
690.14,369.31,1000,3.19,1
713.32,301.12,1000,17.22,1
721.81,721.81,1000,3.13,0
778.55,67.37,1000,15.85,1
783.47,515.6,1000,3.08,1
785.69,785.69,1000,16.73,0
835.48,269.25,1000,2.97,1
839.89,65.71,1000,16.65,1
831.75,174.88,1000,3.17,1
825.58,555.75,1000,16.54,1
909.62,909.62,1000,2.86,0
858.39,239.55,1000,16.26,1
910.74,183.61,1000,2.93,1
821.41,0,1000,2.99,1
923.82,106.91,1000,3.23,1
944.88,414.63,1000,16.65,1
872.38,872.38,1000,2.98,0
854.39,241.71,1000,17.16,1
897.69,537.47,1000,3.23,1
1004.4,1004.4,1000,17.34,0
962.58,962.58,1000,2.91,0
973.36,224.09,1000,13.86,1
967.69,485.37,1000,3.07,1
919.28,194.61,1000,11.07,1
1008.85,868.46,1000,2.88,1
1008.51,92.34,1000,15.77,1
995.3,195.45,1000,2.8,1
1018.77,1018.77,1000,14.71,0
1031.95,163.35,1000,3.01,1
1025.38,191.28,1000,11.95,1
1118.45,436.96,1000,3.29,1
1001.49,229.93,1000,13.66,1
981.31,312.85,1000,3.27,1
997.16,511.73,1000,16.86,1
1036.95,1036.95,1000,2.94,0
1092.37,1092.37,1000,12.26,0
1050.08,1050.08,1000,2.97,0
1065.11,567.79,1000,10.03,1
1062.48,458.11,1000,3.04,1
1090.33,103.07,1000,16.82,1
1093.5,1093.5,1000,3.07,0
996.78,142.65,1000,14.31,1
1108.72,477.1,1000,3.24,1
1100.11,99.93,1000,9.7,1
1198.51,1198.51,1000,3.05,0
1160.64,377.28,1000,7.17,1
1083.51,146.69,1000,3.02,1
1039.94,832.14,1000,12.51,1
1066.37,116.51,1000,2.97,1
1233.09,1233.09,1000,9.83,0
1139.92,513.25,1000,3.12,1
1091.09,204.79,1000,7.03,1
1095.95,776.49,1000,3.11,1
1174.35,412.66,1000,3.08,1
1060.47,81.52,1000,3.06,1
1171.99,82.1,1000,8.33,1
1158.36,498.28,1000,2.84,1
1220.25,319.18,1000,5.38,1
1154.0,313.65,1000,3.16,1
1277.63,1277.63,1000,5.91,0
1060.19,225.24,1000,3.07,1
1091.65,225.47,1000,5.68,1
1228.32,1228.32,1000,3.0,0
1307.38,366.94,1000,5.99,1
1095.99,953.54,1000,2.94,1
1106.25,416.25,1000,8.01,1
1302.51,1302.51,1000,3.12,0
1167.28,875.4,1000,7.12,1
1072.51,387.38,1000,3.0,1
1195.53,1195.53,1000,7.07,0
1247.05,1247.05,1000,3.05,0
1179.84,1179.84,1000,7.29,0
1156.08,1156.08,1000,2.91,0
1335.27,1335.27,1000,7.15,0
1285.72,1285.72,1000,2.9,0
1260.14,1260.14,1000,8.9,0
1158.66,1158.66,1000,2.96,0
1337.28,1337.28,1000,9.95,0
1155.01,330.78,1000,3.17,1
1274.41,1274.41,1000,5.92,0
1198.73,561.16,1000,3.03,1
1271.93,1271.93,1000,7.29,0
1163.52,1163.52,1000,3.16,0
1313.44,92.82,1000,5.96,1
1257.26,1257.26,1000,2.97,0
1334.01,1334.01,1000,7.49,0
1224.69,1224.69,1000,3.2,0
1125.61,1125.61,1000,7.0,0
1326.69,1326.69,1000,2.94,0
1354.02,1354.02,1000,5.79,0
1407.15,1407.15,1000,3.29,0
1371.44,1371.44,1000,7.33,0
1281.46,260.57,1000,3.28,1
1414.37,1414.37,1000,3.23,0
1186.51,1186.51,1000,3.22,0
1173.6,735.89,1000,5.6,1
1112.96,384.37,1000,2.99,1
1451.81,1451.81,1000,9.92,0
1274.72,1274.72,1000,3.01,0
1268.17,1268.17,1000,11.0,0
1189.99,1189.99,1000,3.13,0
1195.19,239.54,1000,5.83,1
1421.25,111.27,1000,3.11,1
1287.88,1287.88,1000,5.8,0
1464.02,1464.02,1000,2.94,0
1227.89,987.46,1000,8.25,1
1056.85,723.54,1000,2.99,1
1535.67,1535.67,1000,5.49,0
1270.37,1270.37,1000,2.83,0
1468.79,1468.79,1000,5.55,0
1194.68,1194.68,1000,2.93,0
1473.81,1473.81,1000,8.49,0
1276.96,1276.96,1000,3.09,0
1384.45,1384.45,1000,6.99,0
1347.19,1347.19,1000,2.79,0
1470.35,1470.35,1000,5.4,0
1331.14,1331.14,1000,2.85,0
1518.14,1518.14,1000,6.88,0
1369.19,1369.19,1000,2.84,0
1301.33,1301.33,1000,6.86,0
1612.58,1612.58,1000,2.79,0
1532.94,1532.94,1000,8.09,0
1415.35,1415.35,1000,3.04,0
1430.56,1430.56,1000,8.0,0
1615.79,1615.79,1000,2.82,0
1521.44,1521.44,1000,6.7,0
1539.83,1539.83,1000,3.13,0
1399.85,1399.85,1000,13.59,0
1325.56,1325.56,1000,3.22,0
1403.57,203.66,1000,6.23,1
1447.21,1447.21,1000,3.31,0
1316.35,1316.35,1000,14.1,0
1221.75,1221.75,1000,3.03,0
1586.75,1586.75,1000,3.24,0
1587.7,1587.7,1000,3.15,0
1475.51,1475.51,1000,5.77,0
1266.6,1266.6,1000,3.17,0
1688.36,1688.36,1000,7.23,0
1613.94,1613.94,1000,2.96,0
1556.73,1556.73,1000,7.12,0
1636.81,1636.81,1000,3.19,0
1413.02,1413.02,1000,6.02,0
1460.74,1460.74,1000,3.21,0
1473.56,1473.56,1000,12.3,0
1518.83,1518.83,1000,3.24,0
1427.24,1427.24,1000,11.45,0
1730.16,1730.16,1000,3.21,0
1639.22,1639.22,1000,5.86,0
1716.86,1716.86,1000,2.96,0
1771.09,1771.09,1000,8.4,0
1679.54,1679.54,1000,3.06,0
1733.37,1733.37,1000,8.33,0
1693.75,1693.75,1000,3.13,0
1730.4,1730.4,1000,5.84,0
1441.85,1441.85,1000,3.2,0
1680.58,1680.58,1000,11.61,0
1273.85,1273.85,1000,3.06,0
1743.55,1743.55,1000,7.24,0
1646.14,1646.14,1000,3.09,0
1380.71,1380.71,1000,7.18,0
1636.24,1636.24,1000,3.09,0
1731.36,1731.36,1000,7.17,0
1690.96,1690.96,1000,3.0,0
1957.63,1957.63,1000,7.06,0
1951.33,1951.33,1000,3.16,0
1977.41,1977.41,1000,6.05,0
1692.72,1692.72,1000,3.09,0
1777.71,1777.71,1000,6.21,0
1668.8,1668.8,1000,3.26,0
1600.87,1600.87,1000,5.97,0
1461.32,1461.32,1000,3.22,0
1738.73,1738.73,1000,8.75,0
1608.54,1608.54,1000,3.26,0
1580.36,1580.36,1000,3.25,0
1956.92,1956.92,1000,3.09,0
1696.91,294.75,1000,7.35,1
2020.54,2020.54,1000,3.26,0
1691.95,1691.95,1000,5.85,0
1707.69,1707.69,1000,3.06,0
1714.88,1714.88,1000,5.7,0
1747.02,398.04,1000,2.99,1
1375.42,1375.42,1000,5.98,0
1883.13,1883.13,1000,3.31,0
1729.8,1729.8,1000,5.68,0
1779.21,1779.21,1000,2.99,0
1891.07,1891.07,1000,10.08,0
1915.17,1915.17,1000,3.0,0
2303.24,2303.24,1000,5.67,0
1753.86,1753.86,1000,3.02,0
2162.59,2162.59,1000,7.28,0
1445.82,1445.82,1000,3.21,0
1487.28,1487.28,1000,9.93,0
1588.36,1588.36,1000,3.25,0
1657.11,1657.11,1000,5.91,0
1823.31,1823.31,1000,3.24,0
1668.13,1668.13,1000,7.36,0
1434.48,1434.48,1000,3.23,0
1580.85,1580.85,1000,9.02,0
1993.79,1993.79,1000,3.28,0
1885.34,1885.34,1000,8.6,0
1860.01,1860.01,1000,3.2,0
1626.71,1626.71,1000,7.28,0
1868.74,1868.74,1000,3.25,0
1589.95,1589.95,1000,4.51,0
1471.01,1471.01,1000,2.95,0
1658.92,1658.92,1000,7.05,0
1886.94,1886.94,1000,2.94,0
1744.69,1744.69,1000,5.8,0
2240.41,2240.41,1000,2.91,0
1905.33,1905.33,1000,7.01,0
1612.39,1612.39,1000,2.99,0
2006.21,2006.21,1000,8.43,0
1448.51,1448.51,1000,3.05,0
2004.53,2004.53,1000,3.0,0
2212.49,2212.49,1000,2.84,0
2194.31,2194.31,1000,5.49,0
2113.96,2113.96,1000,2.88,0
1626.26,1626.26,1000,8.2,0
1785.72,1785.72,1000,2.94,0
2131.46,2131.46,1000,5.47,0
1947.19,1947.19,1000,3.02,0
1989.4,1989.4,1000,5.57,0
1495.25,1495.25,1000,2.92,0
1571.49,1571.49,1000,8.53,0
1756.97,1756.97,1000,2.88,0
1912.3,1912.3,1000,8.37,0
1737.59,211.28,1000,2.94,1
2467.32,2467.32,1000,5.94,0
1478.44,1478.44,1000,3.06,0
2461.08,2461.08,1000,6.73,0
2242.96,2242.96,1000,3.09,0
1996.56,1996.56,1000,5.84,0
1810.69,1810.69,1000,2.83,0
1845.21,1845.21,1000,5.79,0
2433.53,2433.53,1000,3.14,0
1869.79,1869.79,1000,8.5,0
1776.16,1776.16,1000,3.1,0
2376.73,2376.73,1000,7.91,0
2339.47,2339.47,1000,2.95,0
2222.16,2222.16,1000,5.85,0
2437.66,2437.66,1000,2.94,0
2112.7,2112.7,1000,5.36,0
1974.0,1974.0,1000,2.85,0
1927.56,1927.56,1000,6.98,0
2086.53,2086.53,1000,3.13,0
2208.81,2208.81,1000,7.0,0
1951.48,1951.48,1000,3.2,0
2126.09,2126.09,1000,5.97,0
2257.93,2257.93,1000,3.03,0
1781.02,1781.02,1000,7.13,0
2040.11,2040.11,1000,2.89,0
1592.3,1592.3,1000,4.37,0
2035.55,2035.55,1000,2.85,0
2115.89,2115.89,1000,3.1,0
2000.13,2000.13,1000,3.13,0
2361.9,2361.9,1000,5.81,0
1963.59,1963.59,1000,2.98,0
2027.09,2027.09,1000,5.88,0
2241.68,2241.68,1000,3.14,0
2054.09,2054.09,1000,5.65,0
2694.25,2694.25,1000,2.92,0
1950.09,1950.09,1000,6.84,0
2485.99,2485.99,1000,3.01,0
2080.75,2080.75,1000,5.69,0
2576.44,2576.44,1000,3.13,0
2204.36,2204.36,1000,6.76,0
2027.64,2027.64,1000,2.95,0
2198.54,2198.54,1000,5.61,0
2240.41,2240.41,1000,2.89,0
2339.94,2339.94,1000,7.23,0
2144.08,2144.08,1000,3.05,0
2320.53,2320.53,1000,6.0,0
2365.16,2365.16,1000,3.16,0
1777.77,1777.77,1000,6.32,0
2180.96,2180.96,1000,3.18,0
2130.63,2130.63,1000,6.0,0
1819.59,1819.59,1000,3.3,0
1786.4,1786.4,1000,9.14,0
2159.19,2159.19,1000,3.04,0
1871.24,1871.24,1000,7.53,0
2174.63,2174.63,1000,2.92,0
2152.66,2152.66,1000,5.94,0
2251.44,2251.44,1000,2.93,0
1942.82,1942.82,1000,5.71,0
1427.47,1427.47,1000,2.98,0
2651.81,2651.81,1000,4.36,0
2228.81,2228.81,1000,2.95,0
2417.43,2417.43,1000,5.79,0
2143.24,2143.24,1000,2.97,0
2484.76,2484.76,1000,6.0,0
2127.47,2127.47,1000,3.08,0
2693.99,2693.99,1000,6.02,0
2138.43,2138.43,1000,2.97,0
2246.28,2246.28,1000,3.05,0
2198.8,2198.8,1000,3.17,0
1542.74,1542.74,1000,5.71,0
1873.39,1873.39,1000,3.21,0
2448.23,2448.23,1000,7.66,0
2019.49,2019.49,1000,3.3,0
2206.32,2206.32,1000,7.73,0
2261.75,2261.75,1000,3.25,0
2144.78,2144.78,1000,5.92,0
2289.97,2289.97,1000,3.13,0
2155.52,2155.52,1000,5.99,0
2105.59,2105.59,1000,3.21,0
2329.44,2329.44,1000,7.29,0
1594.88,1594.88,1000,3.13,0
2130.44,2130.44,1000,5.69,0
2567.51,2567.51,1000,2.92,0
2611.04,2611.04,1000,4.13,0
1993.64,1993.64,1000,2.99,0
2253.82,2253.82,1000,5.77,0
2196.76,2196.76,1000,2.93,0
2613.02,2613.02,1000,6.99,0
2595.37,2595.37,1000,2.97,0
2497.45,2497.45,1000,7.22,0
2355.08,2355.08,1000,2.92,0
2605.97,2605.97,1000,4.54,0
1774.2,1774.2,1000,2.91,0
2788.94,2788.94,1000,7.2,0
1887.91,1887.91,1000,3.24,0
2862.52,2862.52,1000,7.39,0
2405.76,2405.76,1000,3.28,0
2562.06,2562.06,1000,5.86,0
1881.66,1881.66,1000,3.28,0
2811.88,2811.88,1000,5.77,0
1991.17,1991.17,1000,3.27,0
2101.54,2101.54,1000,5.85,0
2081.54,2081.54,1000,2.95,0
1908.22,1908.22,1000,4.41,0
2592.93,2592.93,1000,3.27,0
1838.71,1838.71,1000,5.75,0
2454.91,2454.91,1000,3.14,0
2619.94,2619.94,1000,3.07,0
2396.62,2396.62,1000,3.09,0
2640.66,2640.66,1000,5.99,0
2154.97,2154.97,1000,3.17,0
2550.42,2550.42,1000,5.87,0
2171.12,2171.12,1000,3.23,0
2677.45,2677.45,1000,6.0,0
2291.5,2291.5,1000,3.04,0
1847.96,1847.96,1000,4.38,0
1982.47,1982.47,1000,2.96,0
2830.92,2830.92,1000,6.1,0
1758.53,1758.53,1000,3.23,0
3023.5,3023.5,1000,6.19,0
2873.03,2873.03,1000,3.1,0
2497.36,2497.36,1000,6.92,0
3003.4,3003.4,1000,2.95,0
2348.34,2348.34,1000,5.79,0
2593.83,2593.83,1000,2.99,0
2509.16,2509.16,1000,5.37,0
3074.14,3074.14,1000,3.02,0
2297.03,2297.03,1000,4.68,0
2254.63,2254.63,1000,3.24,0
3193.8,3193.8,1000,4.65,0
2836.66,2836.66,1000,3.1,0
2775.51,2775.51,1000,6.12,0
2526.94,2526.94,1000,2.93,0
2825.26,2825.26,1000,5.88,0
2513.02,2513.02,1000,3.21,0
2730.95,2730.95,1000,5.88,0
2592.07,2592.07,1000,3.08,0
2674.61,2674.61,1000,6.08,0
2816.48,2816.48,1000,3.13,0
2770.55,2770.55,1000,7.02,0
2453.25,2453.25,1000,3.05,0
2641.01,2641.01,1000,8.35,0
2991.49,2991.49,1000,3.0,0
1970.15,1970.15,1000,4.41,0
3033.33,3033.33,1000,3.01,0
3116.35,3116.35,1000,5.94,0
2654.8,2654.8,1000,3.01,0
2936.35,2936.35,1000,3.25,0
2946.65,2946.65,1000,3.22,0
2093.5,2093.5,1000,4.54,0
2977.78,2977.78,1000,3.25,0
2859.99,2859.99,1000,6.16,0
2138.51,2138.51,1000,3.3,0
2289.2,2289.2,1000,5.86,0
2299.73,2299.73,1000,3.18,0
2116.28,2116.28,1000,4.56,0
2409.58,2409.58,1000,3.12,0
2700.42,2700.42,1000,5.87,0
2176.6,2176.6,1000,3.26,0
2582.49,2582.49,1000,4.57,0
2160.53,2160.53,1000,3.29,0
2499.24,2499.24,1000,6.13,0
1732.74,1732.74,1000,3.15,0
2553.2,2553.2,1000,4.54,0
2933.22,2933.22,1000,3.22,0
2997.26,2997.26,1000,4.73,0
2650.22,2650.22,1000,3.36,0
2594.1,2594.1,1000,5.99,0
2380.48,2380.48,1000,3.28,0
2508.38,2508.38,1000,6.0,0
2134.73,2134.73,1000,3.31,0
2828.37,2828.37,1000,5.99,0
2676.34,2676.34,1000,3.27,0
2738.17,2738.17,1000,4.72,0
2206.72,2206.72,1000,3.29,0
2234.21,2234.21,1000,4.9,0
2182.72,2182.72,1000,3.25,0
1961.44,1961.44,1000,6.47,0
2498.3,2498.3,1000,3.35,0
1378.38,1378.38,1000,4.72,0
2465.44,2465.44,1000,3.37,0
2840.1,2840.1,1000,6.15,0
2064.76,2064.76,1000,3.21,0
2594.98,2594.98,1000,8.84,0
2400.78,2400.78,1000,2.99,0
3170.18,3170.18,1000,4.76,0
3118.84,3118.84,1000,2.98,0
2325.52,2325.52,1000,3.17,0
2809.89,2809.89,1000,3.26,0
2971.43,2971.43,1000,4.5,0
2942.18,2942.18,1000,3.23,0
2459.62,2459.62,1000,5.87,0
3226.77,3226.77,1000,3.26,0
3301.59,3301.59,1000,5.97,0
2501.59,2501.59,1000,3.35,0
2709.81,2709.81,1000,5.94,0
3080.21,3080.21,1000,3.13,0
2954.95,2954.95,1000,5.95,0
3063.96,3063.96,1000,2.94,0
2860.04,2860.04,1000,5.9,0
2974.89,2974.89,1000,3.29,0
1991.84,1991.84,1000,4.83,0
2863.09,2863.09,1000,3.22,0
2491.59,2491.59,1000,4.8,0
2613.96,2613.96,1000,3.14,0
2627.47,2627.47,1000,5.9,0
3200.07,3200.07,1000,3.08,0
2319.1,2319.1,1000,6.06,0
3027.72,3027.72,1000,3.16,0
2362.02,2362.02,1000,4.64,0
2785.86,2785.86,1000,3.05,0
2623.64,2623.64,1000,5.82,0
2434.76,2434.76,1000,3.01,0
1551.26,1551.26,1000,5.84,0
2720.39,2720.39,1000,3.01,0
3144.48,3144.48,1000,4.62,0
2745.73,2745.73,1000,3.26,0
3019.96,3019.96,1000,6.04,0
2890.77,2890.77,1000,3.18,0
2533.37,2533.37,1000,6.13,0
2272.92,2272.92,1000,3.19,0
2600.43,2600.43,1000,5.9,0
1837.14,1837.14,1000,3.31,0
2411.96,2411.96,1000,6.11,0
3071.43,3071.43,1000,3.37,0
2342.17,2342.17,1000,5.75,0
3276.42,3276.42,1000,3.02,0
2364.43,2364.43,1000,2.94,0
2567.73,2567.73,1000,3.01,0
2475.66,2475.66,1000,6.14,0
2410.51,2410.51,1000,3.18,0
3260.83,3260.83,1000,4.63,0
3081.3,3081.3,1000,3.19,0
2823.89,2823.89,1000,6.12,0
2026.87,2026.87,1000,2.96,0
2414.93,2414.93,1000,5.59,0
2766.83,2766.83,1000,3.22,0
2425.19,2425.19,1000,5.96,0
2979.31,2979.31,1000,3.2,0
2428.73,2428.73,1000,6.05,0
2218.23,2218.23,1000,2.93,0
3099.52,3099.52,1000,5.81,0
2139.46,2139.46,1000,3.21,0
2867.26,2867.26,1000,6.02,0
2414.81,2414.81,1000,2.99,0
2305.37,2305.37,1000,4.33,0
3261.99,3261.99,1000,3.06,0
2655.21,2655.21,1000,4.57,0
2536.28,2536.28,1000,3.19,0
3044.36,3044.36,1000,5.96,0
2647.14,2647.14,1000,3.16,0
1877.63,1877.63,1000,5.98,0
3008.47,3008.47,1000,2.97,0
3488.57,3488.57,1000,4.44,0
3222.43,3222.43,1000,3.07,0
3230.44,3230.44,1000,4.35,0
3000.79,3000.79,1000,2.96,0
2643.94,2643.94,1000,4.61,0
3158.3,3158.3,1000,3.04,0
2193.49,2193.49,1000,4.71,0
3143.53,3143.53,1000,3.12,0
2522.94,2522.94,1000,5.95,0
3208.53,3208.53,1000,3.11,0
3493.72,3493.72,1000,5.61,0
3437.16,3437.16,1000,3.07,0
1349.45,1349.45,1000,5.95,0
2626.94,2626.94,1000,3.2,0
2919.08,2919.08,1000,3.21,0
2950.21,2950.21,1000,3.27,0
2781.23,2781.23,1000,5.94,0
2124.72,2124.72,1000,3.2,0
2698.89,2698.89,1000,4.59,0
2470.12,2470.12,1000,3.17,0
3372.42,3372.42,1000,5.94,0
3095.35,3095.35,1000,2.96,0
2694.08,2694.08,1000,5.83,0
1576.37,1576.37,1000,3.09,0
1585.91,1585.91,1000,6.01,0
3442.28,3442.28,1000,3.06,0
3588.47,3588.47,1000,4.45,0
2756.54,2756.54,1000,3.0,0
2787.96,2787.96,1000,4.48,0
3843.36,3843.36,1000,2.98,0
2565.56,2565.56,1000,4.55,0
2957.07,2957.07,1000,2.96,0
1668.31,1668.31,1000,4.63,0
2250.06,2250.06,1000,3.17,0
2327.74,2327.74,1000,5.84,0
3146.16,3146.16,1000,3.1,0
2699.81,2699.81,1000,4.64,0
3147.45,3147.45,1000,3.26,0
2476.98,2476.98,1000,5.96,0
3485.03,3485.03,1000,3.18,0
3250.18,3250.18,1000,4.62,0
3238.85,3238.85,1000,3.13,0
2763.5,2763.5,1000,6.0,0
2704.32,2704.32,1000,2.94,0
1396.59,1396.59,1000,4.61,0
1889.17,1889.17,1000,2.94,0
2991.9,2991.9,1000,4.55,0
1169.59,1169.59,1000,3.22,0
3629.43,3629.43,1000,4.41,0
2720.56,2720.56,1000,3.17,0
3034.92,3034.92,1000,5.93,0
1833.59,1833.59,1000,3.08,0
3393.98,3393.98,1000,4.59,0
3432.85,3432.85,1000,3.1,0
3202.61,3202.61,1000,2.98,0
2168.35,2168.35,1000,3.04,0
2265.53,2265.53,1000,4.67,0
2393.08,2393.08,1000,3.04,0
3455.96,3455.96,1000,6.26,0
1830.34,1830.34,1000,3.3,0
3020.9,3020.9,1000,4.47,0
3154.8,3154.8,1000,2.98,0
3090.0,3090.0,1000,4.42,0
3260.82,3260.82,1000,3.0,0
3275.77,3275.77,1000,4.57,0
3172.18,3172.18,1000,3.23,0
3113.22,3113.22,1000,5.85,0
3261.63,3261.63,1000,3.05,0
2637.0,2637.0,1000,5.87,0
3127.87,3127.87,1000,3.3,0
1675.8,1675.8,1000,4.54,0
3073.13,3073.13,1000,2.99,0
3665.45,3665.45,1000,4.72,0
3190.11,3190.11,1000,3.28,0
2216.18,2216.18,1000,6.11,0
3329.84,3329.84,1000,3.17,0
3444.02,3444.02,1000,4.42,0
2168.03,2168.03,1000,2.86,0
3010.97,3010.97,1000,4.52,0
2729.53,2729.53,1000,2.94,0
3030.98,3030.98,1000,5.97,0
3277.64,3277.64,1000,2.98,0
3520.38,3520.38,1000,4.46,0
3683.67,3683.67,1000,3.0,0
3647.28,3647.28,1000,5.44,0
3311.01,3311.01,1000,3.07,0
3290.59,3290.59,1000,4.27,0
2447.73,2447.73,1000,2.97,0
1932.01,1932.01,1000,4.52,0
3332.05,3332.05,1000,3.23,0
3404.71,3404.71,1000,4.53,0
3380.97,3380.97,1000,3.0,0
3390.49,3390.49,1000,4.55,0
2992.84,2992.84,1000,3.28,0
3518.01,3518.01,1000,3.24,0
3742.3,3742.3,1000,3.07,0
3120.28,3120.28,1000,4.44,0
2743.14,2743.14,1000,3.26,0
3457.79,3457.79,1000,4.35,0
3513.41,3513.41,1000,3.13,0
3542.1,3542.1,1000,4.37,0
3387.81,3387.81,1000,3.16,0
3078.88,3078.88,1000,5.86,0
3715.52,3715.52,1000,3.29,0
3154.4,3154.4,1000,5.99,0
3078.42,3078.42,1000,3.16,0
3609.77,3609.77,1000,4.78,0
3221.83,3221.83,1000,3.01,0
2561.08,2561.08,1000,4.71,0
3633.79,3633.79,1000,3.24,0
2961.44,2961.44,1000,4.6,0
2585.17,2585.17,1000,3.14,0
3507.83,3507.83,1000,4.67,0
3523.57,3523.57,1000,3.05,0
3660.34,3660.34,1000,4.64,0
2878.3,2878.3,1000,3.1,0
2855.18,2855.18,1000,4.41,0
3783.24,3783.24,1000,2.99,0
3039.82,3039.82,1000,4.81,0
2784.79,2784.79,1000,3.27,0
3564.41,3564.41,1000,4.59,0
2864.68,2864.68,1000,3.08,0
2355.83,2355.83,1000,6.07,0
3589.18,3589.18,1000,3.11,0
3754.22,3754.22,1000,5.79,0
3666.78,3666.78,1000,3.34,0
3166.5,3166.5,1000,5.99,0
3755.45,3755.45,1000,3.11,0
2965.28,2965.28,1000,4.72,0
3470.79,3470.79,1000,3.09,0
3620.91,3620.91,1000,4.58,0
3022.04,3022.04,1000,3.26,0
3784.86,3784.86,1000,4.66,0
3642.53,3642.53,1000,2.94,0
3838.7,3838.7,1000,3.2,0
3603.61,3603.61,1000,3.17,0
3780.82,3780.82,1000,6.16,0
3296.95,3296.95,1000,3.35,0
3577.34,3577.34,1000,4.98,0
3873.46,3873.46,1000,3.33,0
3854.84,3854.84,1000,4.68,0
3039.42,3039.42,1000,3.25,0
3414.63,3414.63,1000,4.89,0
3612.98,3612.98,1000,3.46,0
3682.97,3682.97,1000,6.27,0
2849.91,2849.91,1000,3.46,0
3621.84,3621.84,1000,4.83,0
3895.68,3895.68,1000,3.34,0
3187.42,3187.42,1000,4.86,0
3847.4,3847.4,1000,3.4,0
3019.2,3019.2,1000,4.78,0
2342.18,2342.18,1000,3.36,0
2165.24,2165.24,1000,4.96,0
2703.57,2703.57,1000,3.44,0
3547.64,3547.64,1000,4.75,0
4005.28,4005.28,1000,3.36,0
2890.36,2890.36,1000,4.56,0
3083.44,3083.44,1000,3.07,0
3784.76,3784.76,1000,4.43,0
3993.17,3993.17,1000,3.08,0
3880.99,3880.99,1000,4.47,0
3660.21,3660.21,1000,2.98,0
3787.61,3787.61,1000,4.49,0
3619.84,3619.84,1000,3.26,0
3410.91,3410.91,1000,4.34,0
3268.32,3268.32,1000,2.92,0
2947.35,2947.35,1000,4.52,0
3263.97,3263.97,1000,2.96,0
3835.99,3835.99,1000,4.59,0
3525.94,3525.94,1000,2.97,0
2855.2,2855.2,1000,4.58,0
2819.86,2819.86,1000,3.02,0
3078.32,3078.32,1000,4.18,0
3237.93,3237.93,1000,3.02,0
3891.44,3891.44,1000,3.15,0
3885.16,3885.16,1000,3.22,0
4066.0,4066.0,1000,6.09,0
3965.66,3965.66,1000,2.98,0
3052.21,3052.21,1000,6.08,0
3772.94,3772.94,1000,2.98,0
3543.15,3543.15,1000,4.59,0
2842.37,2842.37,1000,3.05,0
3718.54,3718.54,1000,4.76,0
3967.36,3967.36,1000,2.95,0
3914.72,3914.72,1000,6.02,0
3999.97,3999.97,1000,2.99,0
2944.15,2944.15,1000,4.46,0
3940.16,3940.16,1000,3.05,0
4323.34,4323.34,1000,4.57,0
2962.77,2962.77,1000,3.29,0
4168.17,4168.17,1000,4.77,0
4100.1,4100.1,1000,3.3,0
3563.98,3563.98,1000,4.61,0
2275.36,2275.36,1000,3.2,0
2502.73,2502.73,1000,4.72,0
3243.66,3243.66,1000,2.98,0
2662.19,2662.19,1000,4.48,0
4138.45,4138.45,1000,3.16,0
3828.96,3828.96,1000,4.76,0
4317.23,4317.23,1000,3.13,0
2971.51,2971.51,1000,4.71,0
4131.59,4131.59,1000,3.23,0
3414.77,3414.77,1000,4.48,0
3895.53,3895.53,1000,3.13,0
3262.01,3262.01,1000,6.02,0
3833.27,3833.27,1000,3.27,0
4167.15,4167.15,1000,4.41,0
2891.88,2891.88,1000,2.93,0
3871.35,3871.35,1000,4.54,0
1749.85,1749.85,1000,2.96,0
3809.1,3809.1,1000,4.61,0
3771.08,3771.08,1000,3.2,0
3979.16,3979.16,1000,4.73,0
4042.73,4042.73,1000,3.35,0
3944.8,3944.8,1000,3.05,0
4089.51,4089.51,1000,2.97,0
3497.45,3497.45,1000,4.5,0
2800.82,2800.82,1000,2.98,0
3750.71,3750.71,1000,4.44,0
3958.16,3958.16,1000,3.13,0
4027.97,4027.97,1000,4.49,0
2286.84,2286.84,1000,3.24,0
3358.75,3358.75,1000,4.8,0
4050.07,4050.07,1000,3.29,0
3324.13,3324.13,1000,4.38,0
3486.5,3486.5,1000,2.96,0
3865.37,3865.37,1000,4.6,0
3568.6,3568.6,1000,3.07,0
3921.65,3921.65,1000,4.52,0
2386.12,2386.12,1000,3.28,0
2868.39,2868.39,1000,4.78,0
3439.85,3439.85,1000,2.97,0
3473.86,3473.86,1000,4.37,0
3504.09,3504.09,1000,3.16,0
3447.63,3447.63,1000,4.73,0
4430.01,4430.01,1000,3.04,0
3100.15,3100.15,1000,6.05,0
4046.83,4046.83,1000,3.26,0
4346.01,4346.01,1000,4.65,0
4104.22,4104.22,1000,3.27,0
1142.92,652.91,1000,4.79,1
3168.74,3168.74,1000,3.25,0
4172.24,4172.24,1000,4.81,0
4272.72,4272.72,1000,3.17,0
3960.48,3960.48,1000,4.68,0
4227.59,4227.59,1000,3.17,0
3032.12,3032.12,1000,6.07,0
3863.8,3863.8,1000,3.24,0
3683.44,3683.44,1000,4.6,0
3857.77,3857.77,1000,3.21,0
2707.26,2707.26,1000,4.59,0
3330.52,3330.52,1000,3.15,0
3414.22,3414.22,1000,4.57,0
4325.77,4325.77,1000,2.94,0
4078.13,4078.13,1000,3.02,0
4387.57,4387.57,1000,2.94,0
3894.97,3894.97,1000,4.43,0
3399.36,3399.36,1000,3.0,0
4147.01,4147.01,1000,4.46,0
3487.43,3487.43,1000,3.15,0
4225.32,4225.32,1000,4.66,0
3971.29,3971.29,1000,3.26,0
4176.2,4176.2,1000,4.41,0
3350.2,3350.2,1000,3.23,0
3988.49,3988.49,1000,4.55,0
4382.66,4382.66,1000,3.24,0
4270.2,4270.2,1000,4.42,0
4345.05,4345.05,1000,3.23,0
3925.31,3925.31,1000,4.5,0
4213.54,4213.54,1000,3.25,0
4280.98,4280.98,1000,4.75,0
3827.47,3827.47,1000,3.05,0
3399.18,3399.18,1000,4.59,0
4154.33,4154.33,1000,3.04,0
2632.9,2632.9,1000,4.48,0
4267.9,4267.9,1000,3.2,0
3001.89,3001.89,1000,4.53,0
4237.49,4237.49,1000,3.28,0
4139.48,4139.48,1000,5.94,0
4242.54,4242.54,1000,3.04,0
4196.82,4196.82,1000,4.63,0
4029.58,4029.58,1000,2.98,0
4368.51,4368.51,1000,4.48,0
4170.96,4170.96,1000,2.97,0
4312.01,4312.01,1000,4.58,0
2816.03,2816.03,1000,2.96,0
1816.75,1816.75,1000,4.36,0
3895.33,3895.33,1000,3.02,0
4389.94,4389.94,1000,4.59,0
3948.18,3948.18,1000,3.19,0
4164.36,4164.36,1000,6.28,0
2642.76,2642.76,1000,3.24,0
3828.99,3828.99,1000,4.45,0
4221.62,4221.62,1000,3.27,0
3038.87,3038.87,1000,3.0,0
2424.17,2424.17,1000,3.17,0
3875.07,3875.07,1000,4.41,0
3232.93,3232.93,1000,2.96,0
3743.6,3743.6,1000,4.68,0
4300.54,4300.54,1000,3.27,0
4465.58,4465.58,1000,4.53,0
4103.01,4103.01,1000,3.24,0
4322.83,4322.83,1000,4.81,0
4102.13,4102.13,1000,3.14,0
2075.54,2075.54,1000,4.58,0
4410.71,4410.71,1000,3.08,0
2912.52,2912.52,1000,4.78,0
1441.44,1441.44,1000,3.29,0
3852.3,3852.3,1000,4.48,0
4476.76,4476.76,1000,3.08,0
4490.55,4490.55,1000,4.68,0
3796.83,3796.83,1000,3.12,0
4426.67,4426.67,1000,4.36,0
4240.07,4240.07,1000,3.24,0
4322.57,4322.57,1000,4.67,0
4066.82,4066.82,1000,2.97,0
4239.42,4239.42,1000,4.46,0
4148.34,4148.34,1000,2.93,0
4492.53,4492.53,1000,4.36,0
4287.68,4287.68,1000,3.05,0
4482.52,4482.52,1000,4.5,0
4186.21,4186.21,1000,3.05,0
4309.96,4309.96,1000,4.61,0
3668.77,3668.77,1000,3.1,0
4464.12,4464.12,1000,4.18,0
4180.84,4180.84,1000,2.93,0
4320.69,4320.69,1000,4.67,0
4487.88,4487.88,1000,2.97,0
4578.04,4578.04,1000,5.92,0
4580.18,4580.18,1000,3.09,0
3841.04,3841.04,1000,4.73,0
4600.43,4600.43,1000,3.26,0
4095.18,4095.18,1000,4.49,0
4455.33,4455.33,1000,3.11,0
4353.08,4353.08,1000,3.14,0
4478.14,4478.14,1000,3.13,0
2887.0,2887.0,1000,4.51,0
4206.43,4206.43,1000,3.04,0
4431.91,4431.91,1000,4.32,0
3657.34,3657.34,1000,2.96,0
4404.65,4404.65,1000,4.54,0
4027.4,4027.4,1000,3.03,0
2943.03,2943.03,1000,4.66,0
4317.52,4317.52,1000,2.94,0
4014.06,4014.06,1000,4.38,0
4462.44,4462.44,1000,3.16,0
4172.72,4172.72,1000,4.6,0
1993.51,1993.51,1000,3.15,0
3852.31,3852.31,1000,4.49,0
4587.0,4587.0,1000,2.94,0
4316.91,4316.91,1000,4.27,0
4541.78,4541.78,1000,3.03,0
4409.77,4409.77,1000,4.44,0
3540.6,3540.6,1000,2.96,0
3888.43,3888.43,1000,4.5,0
3229.75,3229.75,1000,2.94,0
4500.49,4500.49,1000,4.4,0
4310.16,4310.16,1000,2.94,0
4067.9,4067.9,1000,6.0,0
4402.85,4402.85,1000,2.96,0
4230.76,4230.76,1000,4.43,0
4118.8,4118.8,1000,3.18,0
4347.1,4347.1,1000,4.5,0
3724.92,3724.92,1000,3.18,0
4370.0,4370.0,1000,4.35,0
4161.86,4161.86,1000,3.05,0
4179.39,4179.39,1000,4.3,0
4539.59,4539.59,1000,3.03,0
4472.75,4472.75,1000,4.61,0
4303.65,4303.65,1000,3.1,0
4251.44,4251.44,1000,4.58,0
3853.0,3853.0,1000,3.07,0
4566.08,4566.08,1000,4.18,0
4215.5,4215.5,1000,3.04,0
3593.73,3593.73,1000,3.18,0
4677.96,4677.96,1000,3.17,0
4151.91,4151.91,1000,4.46,0
4484.82,4484.82,1000,2.99,0
4739.72,4739.72,1000,4.41,0
4329.68,4329.68,1000,2.94,0
4359.24,4359.24,1000,4.25,0
4609.76,4609.76,1000,2.94,0
4278.28,4278.28,1000,4.33,0
4544.96,4544.96,1000,2.98,0
4246.41,4246.41,1000,4.4,0
4437.46,4437.46,1000,3.06,0
4292.22,4292.22,1000,4.43,0
4305.17,4305.17,1000,2.91,0
4699.86,4699.86,1000,4.4,0
4400.96,4400.96,1000,2.86,0
4619.45,4619.45,1000,4.31,0
4272.94,4272.94,1000,2.93,0
3740.09,3740.09,1000,4.48,0
4677.34,4677.34,1000,2.93,0
4392.42,4392.42,1000,4.47,0
4520.73,4520.73,1000,3.2,0
4685.42,4685.42,1000,4.66,0
4632.67,4632.67,1000,3.01,0
4632.02,4632.02,1000,4.38,0
3156.35,3156.35,1000,2.84,0
2212.23,2212.23,1000,4.34,0
4622.01,4622.01,1000,2.8,0
3845.0,3845.0,1000,4.36,0
2734.09,2734.09,1000,2.79,0
4657.74,4657.74,1000,4.4,0
4852.05,4852.05,1000,2.99,0
4422.86,4422.86,1000,4.6,0
4166.04,4166.04,1000,3.13,0
4601.41,4601.41,1000,4.41,0
3742.49,3742.49,1000,2.85,0
3863.31,3863.31,1000,4.21,0
2476.64,2476.64,1000,3.0,0
4486.29,4486.29,1000,4.25,0
3173.3,3173.3,1000,3.07,0
4423.28,4423.28,1000,3.0,0
4464.43,4464.43,1000,3.01,0
3168.1,3168.1,1000,4.44,0
4927.35,4927.35,1000,3.0,0
2939.19,2939.19,1000,4.23,0
4738.44,4738.44,1000,3.01,0
4629.16,4629.16,1000,4.49,0
4738.57,4738.57,1000,3.02,0
2792.82,2792.82,1000,4.37,0
4531.36,4531.36,1000,2.97,0
4063.18,4063.18,1000,4.63,0
4473.59,4473.59,1000,2.95,0
4671.0,4671.0,1000,4.34,0
4606.62,4606.62,1000,3.05,0
3605.51,3605.51,1000,4.64,0
4648.02,4648.02,1000,2.95,0
4398.36,4398.36,1000,4.53,0
4364.89,4364.89,1000,2.9,0
4895.61,4895.61,1000,4.31,0
4161.86,4161.86,1000,3.11,0
4350.06,4350.06,1000,4.45,0
3254.89,3254.89,1000,3.14,0
3986.43,3986.43,1000,4.42,0
4601.63,4601.63,1000,2.97,0
4165.65,4165.65,1000,4.47,0
4163.07,4163.07,1000,2.87,0
4021.99,4021.99,1000,4.42,0
4675.7,4675.7,1000,2.96,0
2598.5,2598.5,1000,4.69,0
3899.67,3899.67,1000,3.23,0
3583.41,3583.41,1000,4.33,0
4389.27,4389.27,1000,3.19,0
4709.76,4709.76,1000,4.5,0
4536.91,4536.91,1000,3.17,0
3437.31,3437.31,1000,4.49,0
4114.14,4114.14,1000,3.26,0
4219.16,4219.16,1000,4.68,0
3827.34,3827.34,1000,3.12,0
4353.24,4353.24,1000,4.28,0
3933.94,3933.94,1000,2.92,0
4457.75,4457.75,1000,2.96,0
3859.99,3859.99,1000,2.95,0
4743.81,4743.81,1000,4.38,0
4384.9,4384.9,1000,3.2,0
4507.2,4507.2,1000,4.32,0
4650.79,4650.79,1000,2.91,0
4119.8,4119.8,1000,4.55,0
3218.91,3218.91,1000,2.94,0
4741.48,4741.48,1000,4.28,0
4825.85,4825.85,1000,3.3,0
4496.91,4496.91,1000,4.41,0
4577.98,4577.98,1000,3.04,0
3356.9,3356.9,1000,4.51,0
4573.32,4573.32,1000,3.06,0
4632.33,4632.33,1000,4.49,0
4711.91,4711.91,1000,3.16,0
4533.49,4533.49,1000,4.42,0
4443.02,4443.02,1000,3.03,0
4643.11,4643.11,1000,4.45,0
4403.24,4403.24,1000,3.19,0
4181.72,4181.72,1000,4.43,0
3428.77,3428.77,1000,2.82,0
4468.98,4468.98,1000,4.19,0
4525.68,4525.68,1000,3.02,0
4685.18,4685.18,1000,4.52,0
3279.35,3279.35,1000,3.07,0
4467.16,4467.16,1000,4.39,0
4680.28,4680.28,1000,3.13,0
4140.36,4140.36,1000,4.45,0
4662.08,4662.08,1000,2.93,0
4753.72,4753.72,1000,4.42,0
4358.92,4358.92,1000,2.9,0
4475.26,4475.26,1000,4.17,0
2451.02,2451.02,1000,3.07,0
4259.95,4259.95,1000,4.37,0
3813.19,3813.19,1000,3.12,0
4142.85,4142.85,1000,4.68,0
4322.68,4322.68,1000,3.06,0
3944.57,3944.57,1000,4.62,0
4255.44,4255.44,1000,3.17,0
4579.87,4579.87,1000,3.03,0
4602.46,4602.46,1000,3.17,0
3168.31,3168.31,1000,4.34,0
4603.74,4603.74,1000,2.96,0
3143.68,3143.68,1000,4.4,0
2362.03,2362.03,1000,2.87,0
4550.7,4550.7,1000,4.18,0
2073.86,2073.86,1000,2.87,0
4330.15,4330.15,1000,4.56,0
4617.9,4617.9,1000,3.18,0
4330.51,4330.51,1000,4.49,0
4675.34,4675.34,1000,3.06,0
4650.22,4650.22,1000,4.42,0
4870.17,4870.17,1000,2.93,0
3862.28,3862.28,1000,4.31,0
4617.36,4617.36,1000,3.11,0
4199.53,4199.53,1000,4.4,0
2386.74,2386.74,1000,3.06,0
4506.56,4506.56,1000,4.34,0
4736.64,4736.64,1000,2.85,0
4434.5,4434.5,1000,4.3,0
4713.98,4713.98,1000,2.83,0
4747.21,4747.21,1000,4.28,0
4432.89,4432.89,1000,2.95,0
4667.05,4667.05,1000,4.31,0
4595.54,4595.54,1000,2.85,0
4534.33,4534.33,1000,4.31,0
4833.69,4833.69,1000,2.9,0
4682.22,4682.22,1000,4.46,0
4555.34,4555.34,1000,3.16,0
4604.64,4604.64,1000,4.52,0
2586.32,2586.32,1000,2.96,0
4171.33,4171.33,1000,4.32,0
4591.6,4591.6,1000,3.07,0
4967.55,4967.55,1000,4.56,0
4288.13,4288.13,1000,2.89,0
4337.18,4337.18,1000,4.44,0
4717.84,4717.84,1000,3.1,0
4449.0,4449.0,1000,4.37,0
4847.35,4847.35,1000,2.86,0
4887.29,4887.29,1000,3.17,0
4896.58,4896.58,1000,3.14,0
4634.59,4634.59,1000,4.48,0
4996.44,4996.44,1000,3.19,0
4582.45,4582.45,1000,4.57,0
3985.98,3985.98,1000,2.91,0
4608.71,4608.71,1000,4.32,0
3874.74,3874.74,1000,2.96,0
4725.34,4725.34,1000,4.37,0
4605.27,4605.27,1000,2.92,0
4806.46,4806.46,1000,4.39,0
4879.77,4879.77,1000,2.92,0
4921.59,4921.59,1000,5.49,0
3751.09,3751.09,1000,2.9,0
4862.01,4862.01,1000,4.28,0
4754.89,4754.89,1000,2.96,0
4718.21,4718.21,1000,4.31,0
4694.33,4694.33,1000,2.92,0
4118.16,4118.16,1000,4.27,0
4898.0,4898.0,1000,2.97,0
4713.92,4713.92,1000,4.54,0
4521.23,4521.23,1000,2.96,0
4310.43,4310.43,1000,4.36,0
4912.01,4912.01,1000,2.88,0
5229.4,5229.4,1000,4.45,0
4740.86,4740.86,1000,3.24,0
3579.14,3579.14,1000,4.61,0
5119.41,5119.41,1000,3.08,0
4802.95,4802.95,1000,4.63,0
4661.03,4661.03,1000,3.07,0
4679.32,4679.32,1000,4.46,0
4109.16,4109.16,1000,2.93,0
4660.07,4660.07,1000,4.58,0
2554.15,2554.15,1000,2.92,0
4585.76,4585.76,1000,4.44,0
3055.89,3055.89,1000,2.95,0
4786.57,4786.57,1000,4.38,0
4475.17,4475.17,1000,3.07,0
4815.7,4815.7,1000,4.69,0
4879.85,4879.85,1000,3.04,0
4906.59,4906.59,1000,2.97,0
4861.77,4861.77,1000,2.92,0
4697.37,4697.37,1000,4.57,0
4940.54,4940.54,1000,3.05,0
4944.11,4944.11,1000,4.45,0
2864.7,2864.7,1000,3.02,0
4737.28,4737.28,1000,4.31,0
4513.08,4513.08,1000,3.08,0
4731.14,4731.14,1000,4.46,0
3577.72,3577.72,1000,2.95,0
4350.32,4350.32,1000,4.61,0
4994.79,4994.79,1000,3.17,0
5088.71,5088.71,1000,4.63,0
4849.41,4849.41,1000,3.18,0
4857.73,4857.73,1000,4.49,0
5036.79,5036.79,1000,3.13,0
4741.47,4741.47,1000,4.4,0
4383.39,4383.39,1000,3.16,0
4549.7,4549.7,1000,4.54,0
4996.14,4996.14,1000,2.98,0
3848.06,3848.06,1000,4.37,0
4669.73,4669.73,1000,2.93,0
4895.23,4895.23,1000,4.2,0
4876.4,4876.4,1000,2.82,0
5015.79,5015.79,1000,4.28,0
4720.15,4720.15,1000,2.98,0
4798.51,4798.51,1000,4.32,0
4425.71,4425.71,1000,2.97,0
4396.86,4396.86,1000,4.31,0
4850.6,4850.6,1000,2.86,0
5103.71,5103.71,1000,4.47,0
4594.51,4594.51,1000,3.08,0
4799.2,4799.2,1000,4.44,0
1990.66,1990.66,1000,3.12,0
2831.83,2831.83,1000,4.35,0
5081.67,5081.67,1000,3.08,0
3421.08,3421.08,1000,4.5,0
4459.62,4459.62,1000,3.06,0
4839.53,4839.53,1000,4.41,0
4871.94,4871.94,1000,2.85,0
3998.25,3998.25,1000,3.1,0
3417.06,3417.06,1000,3.35,0
5083.54,5083.54,1000,4.77,0
4866.3,4866.3,1000,3.13,0
4837.23,4837.23,1000,4.47,0
4986.61,4986.61,1000,3.13,0
3520.35,3520.35,1000,4.84,0
4475.11,4475.11,1000,3.02,0
4961.41,4961.41,1000,4.41,0
4892.32,4892.32,1000,2.91,0
4708.39,4708.39,1000,4.37,0
2833.61,2833.61,1000,2.92,0
4933.02,4933.02,1000,4.5,0
4881.42,4881.42,1000,3.04,0
3747.42,3747.42,1000,4.43,0
4892.43,4892.43,1000,3.26,0
5082.02,5082.02,1000,4.5,0
3503.97,3503.97,1000,3.23,0
4474.96,4474.96,1000,4.38,0
4852.43,4852.43,1000,3.18,0
4962.24,4962.24,1000,4.36,0
4930.99,4930.99,1000,2.96,0
4912.61,4912.61,1000,4.45,0
4952.97,4952.97,1000,3.03,0
5117.22,5117.22,1000,4.46,0
4939.38,4939.38,1000,2.94,0
4885.55,4885.55,1000,4.59,0
4102.87,4102.87,1000,3.01,0
4548.69,4548.69,1000,4.25,0
4356.33,4356.33,1000,2.86,0
4252.07,4252.07,1000,4.33,0
4884.02,4884.02,1000,2.81,0
3722.92,3722.92,1000,4.05,0
4802.97,4802.97,1000,2.79,0
4986.65,4986.65,1000,4.34,0
4398.71,4398.71,1000,2.96,0
4319.53,4319.53,1000,4.25,0
4171.31,4171.31,1000,2.9,0
2017.43,2017.43,1000,4.49,0
4847.6,4847.6,1000,2.92,0
4370.96,4370.96,1000,2.83,0
4293.39,4293.39,1000,2.92,0
4787.15,4787.15,1000,4.37,0
1016.78,1016.78,1000,2.92,0
4787.25,4787.25,1000,4.32,0
2927.68,2927.68,1000,2.98,0
5120.71,5120.71,1000,4.35,0
4935.46,4935.46,1000,2.92,0
4857.6,4857.6,1000,4.56,0
5053.2,5053.2,1000,3.16,0
4589.8,4589.8,1000,4.51,0
3339.57,3339.57,1000,2.87,0
5249.25,5249.25,1000,4.38,0
4885.22,4885.22,1000,2.84,0
4607.68,4607.68,1000,4.07,0
4953.16,4953.16,1000,2.84,0
4881.48,4881.48,1000,4.11,0
5091.98,5091.98,1000,2.8,0
4989.55,4989.55,1000,4.28,0
3363.51,3363.51,1000,3.11,0
3584.24,3584.24,1000,4.35,0
5022.11,5022.11,1000,3.08,0
4179.84,4179.84,1000,4.67,0
3869.12,3869.12,1000,2.93,0
3980.05,3980.05,1000,4.22,0
4967.01,4967.01,1000,2.93,0
4934.78,4934.78,1000,4.17,0
5152.79,5152.79,1000,3.1,0
5418.04,5418.04,1000,4.58,0
4930.5,4930.5,1000,3.14,0
4545.44,4545.44,1000,4.39,0
4523.67,4523.67,1000,2.9,0
5007.55,5007.55,1000,4.32,0
4002.75,4002.75,1000,2.79,0
4477.63,4477.63,1000,4.37,0
4343.89,4343.89,1000,2.92,0
4974.01,4974.01,1000,4.34,0
4930.48,4930.48,1000,2.85,0
4832.96,4832.96,1000,4.41,0
5000.15,5000.15,1000,2.83,0
