#{"t_start": 1650556349.0161893, "env_id": "HCWithPos-v0"}
reward,reward_nc,len,time,constraint
253.71,253.71,1000,3.56,0
201.44,136.83,1000,3.54,1
337.87,337.87,1000,15.3,0
225.47,225.47,1000,3.45,0
333.64,61.72,1000,14.68,1
276.77,276.77,1000,3.44,0
321.69,63.95,1000,15.93,1
327.48,327.48,1000,3.45,0
351.04,273.82,1000,14.59,1
398.21,398.21,1000,3.44,0
372.83,213.04,1000,14.6,1
355.83,355.83,1000,3.44,0
458.26,458.26,1000,14.71,0
477.19,82.15,1000,3.46,1
505.4,332.8,1000,15.57,1
470.1,230.31,1000,3.45,1
507.22,99.47,1000,15.56,1
585.92,244.79,1000,3.42,1
565.93,87.39,1000,14.6,1
655.52,392.6,1000,3.44,1
553.47,90.0,1000,14.58,1
625.7,465.34,1000,3.41,1
719.4,501.93,1000,14.58,1
634.63,557.17,1000,3.48,1
727.53,417.78,1000,15.68,1
782.38,69.01,1000,3.42,1
783.72,548.06,1000,13.44,1
759.9,759.9,1000,3.43,0
691.1,73.63,1000,14.54,1
771.16,771.16,1000,3.43,0
848.15,73.41,1000,12.32,1
853.68,64.11,1000,3.43,1
827.81,827.81,1000,14.56,0
896.99,329.32,1000,3.45,1
778.94,130.86,1000,15.41,1
842.83,842.83,1000,3.47,0
810.07,715.55,1000,12.0,1
946.52,56.91,1000,3.43,1
846.49,846.49,1000,15.4,0
916.47,300.0,1000,3.43,1
958.02,0,1000,3.44,1
865.04,85.6,1000,3.44,1
895.82,155.66,1000,6.82,1
944.45,944.45,1000,3.43,0
943.02,323.05,1000,8.06,1
932.07,137.58,1000,3.45,1
930.28,131.58,1000,7.93,1
1010.36,854.91,1000,3.45,1
974.4,325.24,1000,11.3,1
979.18,64.1,1000,3.44,1
981.36,491.27,1000,12.86,1
1079.0,929.52,1000,3.42,1
968.35,567.85,1000,7.94,1
961.65,961.65,1000,3.44,0
1022.72,338.66,1000,10.87,1
942.62,942.62,1000,3.43,0
999.41,420.7,1000,7.92,1
929.31,929.31,1000,3.42,0
1020.42,118.4,1000,10.91,1
939.25,939.25,1000,3.45,0
951.06,951.06,1000,12.13,0
962.15,962.15,1000,3.45,0
952.96,952.96,1000,7.97,0
1017.05,543.42,1000,3.44,1
993.63,581.08,1000,6.83,1
1026.9,150.17,1000,3.46,1
1007.57,155.43,1000,7.94,1
931.17,149.07,1000,3.46,1
958.27,177.06,1000,7.97,1
997.5,140.93,1000,3.46,1
957.38,389.03,1000,6.87,1
1110.53,48.81,1000,3.46,1
1011.65,416.29,1000,5.78,1
988.59,726.41,1000,3.45,1
1009.63,942.34,1000,7.12,1
1005.81,231.41,1000,3.45,1
1044.48,89.06,1000,5.74,1
1008.55,1008.55,1000,3.45,0
993.79,993.79,1000,7.94,0
977.44,977.44,1000,3.45,0
1035.42,1035.42,1000,3.44,0
1160.01,67.37,1000,3.44,1
1007.56,879.28,1000,5.73,1
1081.79,1081.79,1000,3.45,0
1135.97,1135.97,1000,5.87,0
1025.63,83.28,1000,3.45,1
1021.2,205.25,1000,5.79,1
1111.65,1111.65,1000,3.44,0
1144.71,1144.71,1000,5.73,0
1101.21,1101.21,1000,3.46,0
1109.56,1109.56,1000,5.73,0
1075.61,436.47,1000,3.44,1
1039.02,309.0,1000,6.04,1
1004.75,138.33,1000,3.47,1
1088.03,1088.03,1000,5.9,0
1064.06,1064.06,1000,3.44,0
1154.92,1154.92,1000,6.87,0
1099.71,300.66,1000,3.46,1
1139.53,1139.53,1000,5.71,0
1085.93,1085.93,1000,3.43,0
1117.76,1117.76,1000,5.71,0
1064.25,1064.25,1000,3.47,0
1188.03,1188.03,1000,5.72,0
1100.81,1100.81,1000,3.46,0
1104.88,1104.88,1000,6.03,0
1000.56,1000.56,1000,3.44,0
1103.44,1103.44,1000,4.6,0
1134.44,1134.44,1000,3.45,0
1100.26,1100.26,1000,5.7,0
1227.67,1227.67,1000,3.46,0
1234.3,1234.3,1000,5.71,0
1206.29,376.95,1000,3.44,1
1135.65,1135.65,1000,6.03,0
1207.68,1207.68,1000,3.45,0
1211.73,1211.73,1000,5.72,0
1176.8,1176.8,1000,3.44,0
1178.77,1178.77,1000,5.72,0
1281.29,1281.29,1000,3.44,0
1246.8,1246.8,1000,5.87,0
1165.72,1165.72,1000,3.45,0
1323.71,292.95,1000,3.45,1
1239.24,428.15,1000,3.45,1
1224.66,1224.66,1000,4.62,0
1087.75,1087.75,1000,3.45,0
1186.45,1186.45,1000,4.61,0
1133.7,1133.7,1000,3.45,0
1346.09,1346.09,1000,5.87,0
1028.57,663.13,1000,3.45,1
1268.85,1268.85,1000,5.88,0
1143.92,1143.92,1000,3.44,0
1173.03,1173.03,1000,5.88,0
1172.2,1172.2,1000,3.46,0
1278.1,1278.1,1000,6.01,0
1292.53,1292.53,1000,3.44,0
1083.72,1083.72,1000,4.62,0
1150.73,1150.73,1000,3.45,0
1473.41,1473.41,1000,4.61,0
1248.89,1248.89,1000,3.45,0
1272.98,1272.98,1000,4.61,0
1399.69,1399.69,1000,3.43,0
1382.39,1382.39,1000,5.85,0
1384.79,1384.79,1000,3.44,0
1372.48,1372.48,1000,5.71,0
1312.31,1312.31,1000,3.43,0
1420.85,1420.85,1000,5.72,0
1390.99,1390.99,1000,3.44,0
1231.63,1231.63,1000,5.99,0
1422.48,1422.48,1000,3.44,0
1313.83,1313.83,1000,7.12,0
1550.77,1550.77,1000,3.43,0
1501.81,1501.81,1000,5.87,0
1384.82,1384.82,1000,3.45,0
1362.64,1362.64,1000,4.6,0
1475.1,1475.1,1000,3.44,0
1314.66,1314.66,1000,4.61,0
1387.29,1387.29,1000,3.44,0
1487.64,1487.64,1000,6.01,0
1544.24,1544.24,1000,3.43,0
1537.91,1537.91,1000,4.63,0
1500.35,1500.35,1000,3.44,0
1262.1,1262.1,1000,3.43,0
1269.99,1269.99,1000,3.44,0
1669.39,1669.39,1000,4.78,0
1450.45,1450.45,1000,3.46,0
1276.14,539.04,1000,4.66,1
1615.58,1615.58,1000,3.44,0
1340.14,1340.14,1000,5.71,0
1406.75,1406.75,1000,3.44,0
1943.92,1943.92,1000,5.72,0
1651.61,1651.61,1000,3.44,0
1620.14,1620.14,1000,5.72,0
1680.4,1680.4,1000,3.45,0
1732.74,1732.74,1000,5.72,0
1888.04,1888.04,1000,3.46,0
1384.34,1384.34,1000,5.92,0
1879.27,1879.27,1000,3.48,0
1600.82,1600.82,1000,5.74,0
1641.47,1641.47,1000,3.48,0
1724.61,1724.61,1000,4.66,0
1570.47,1570.47,1000,3.45,0
1584.67,1584.67,1000,5.72,0
1473.47,1473.47,1000,3.45,0
1623.69,1623.69,1000,4.61,0
1859.04,1859.04,1000,3.46,0
1770.96,1770.96,1000,5.74,0
1897.87,1897.87,1000,3.45,0
1270.71,1270.71,1000,4.63,0
1850.47,1850.47,1000,3.45,0
1862.81,1862.81,1000,4.61,0
1837.88,1837.88,1000,3.45,0
1894.42,1894.42,1000,5.72,0
2078.85,2078.85,1000,3.43,0
1813.15,1813.15,1000,5.73,0
1834.75,1834.75,1000,3.45,0
1526.33,1526.33,1000,5.72,0
1964.29,1964.29,1000,3.44,0
1579.82,1579.82,1000,4.61,0
2094.43,2094.43,1000,3.45,0
1928.71,1928.71,1000,4.6,0
2180.36,2180.36,1000,3.45,0
1648.71,1648.71,1000,3.44,0
2115.67,2115.67,1000,3.45,0
1879.6,1879.6,1000,4.63,0
2175.68,2175.68,1000,3.45,0
1389.83,1389.83,1000,5.87,0
2076.45,2076.45,1000,3.45,0
1838.16,1838.16,1000,5.73,0
2075.79,2075.79,1000,3.43,0
1894.29,1894.29,1000,4.63,0
1700.74,1700.74,1000,3.44,0
1811.63,1811.63,1000,4.62,0
2020.81,2020.81,1000,3.45,0
1651.73,1651.73,1000,4.62,0
2109.56,2109.56,1000,3.45,0
1918.64,1918.64,1000,4.62,0
1727.42,1727.42,1000,3.44,0
1735.39,1735.39,1000,4.62,0
2060.14,2060.14,1000,3.44,0
1785.13,1785.13,1000,4.63,0
1383.22,1383.22,1000,3.46,0
1552.86,1552.86,1000,4.77,0
2210.03,2210.03,1000,3.47,0
2178.31,2178.31,1000,5.88,0
1977.93,1977.93,1000,3.46,0
1582.81,1582.81,1000,4.62,0
1532.27,1532.27,1000,3.47,0
1627.14,1627.14,1000,4.62,0
2207.01,2207.01,1000,3.44,0
2189.29,2189.29,1000,4.62,0
2173.58,2173.58,1000,3.45,0
1362.82,576.8,1000,5.89,1
2053.87,2053.87,1000,3.46,0
2529.61,2529.61,1000,4.6,0
1027.65,1003.38,1000,3.44,1
2373.87,2373.87,1000,5.88,0
2205.98,2205.98,1000,3.45,0
1202.67,1202.67,1000,4.63,0
1765.33,1765.33,1000,3.44,0
2082.36,2082.36,1000,4.6,0
2284.81,2284.81,1000,3.45,0
2356.38,2356.38,1000,3.46,0
2261.65,2261.65,1000,3.45,0
2164.5,2164.5,1000,4.62,0
2107.02,2107.02,1000,3.46,0
2487.5,2487.5,1000,4.64,0
2170.38,2170.38,1000,3.48,0
2322.79,2322.79,1000,4.63,0
2399.21,2399.21,1000,3.46,0
1750.67,1750.67,1000,4.62,0
2130.62,2130.62,1000,3.45,0
2291.27,2291.27,1000,4.63,0
2496.41,2496.41,1000,3.46,0
2323.7,2323.7,1000,4.63,0
2164.71,2164.71,1000,3.45,0
1981.48,1981.48,1000,4.63,0
2376.28,2376.28,1000,3.44,0
2547.72,2547.72,1000,4.77,0
2051.69,2051.69,1000,3.43,0
2284.19,2284.19,1000,4.75,0
1161.18,1161.18,1000,3.46,0
1995.11,1995.11,1000,4.65,0
1898.82,1898.82,1000,3.48,0
2413.86,2413.86,1000,4.62,0
2601.82,2601.82,1000,3.45,0
1401.11,1401.11,1000,4.66,0
2590.28,2590.28,1000,3.47,0
1442.12,1442.12,1000,4.62,0
1788.36,1788.36,1000,3.46,0
2269.69,2269.69,1000,4.62,0
1548.54,1548.54,1000,3.47,0
2648.88,2648.88,1000,4.61,0
2823.03,2823.03,1000,3.45,0
2567.68,2567.68,1000,4.62,0
2550.06,2550.06,1000,3.44,0
2610.95,2610.95,1000,4.64,0
2669.28,2669.28,1000,3.44,0
2728.46,2728.46,1000,5.85,0
1066.61,1066.61,1000,3.45,0
2854.1,2854.1,1000,4.6,0
2799.88,2799.88,1000,3.44,0
2668.09,2668.09,1000,3.46,0
1805.95,1805.95,1000,3.45,0
1676.25,1676.25,1000,4.62,0
2491.65,2491.65,1000,3.47,0
2672.36,2672.36,1000,4.62,0
2506.9,2506.9,1000,3.45,0
1798.2,1798.2,1000,4.61,0
1183.78,1183.78,1000,3.45,0
2476.58,2476.58,1000,4.62,0
1888.49,1888.49,1000,3.46,0
2680.34,2680.34,1000,4.63,0
2598.01,2598.01,1000,3.45,0
2501.17,2501.17,1000,4.63,0
829.47,829.47,1000,3.45,0
2819.46,2819.46,1000,4.62,0
2776.01,2776.01,1000,3.44,0
2342.7,2342.7,1000,4.61,0
2756.26,2756.26,1000,3.46,0
2849.68,2849.68,1000,4.62,0
2868.38,2868.38,1000,3.45,0
2949.59,2949.59,1000,4.61,0
2703.78,2703.78,1000,3.44,0
3091.66,3091.66,1000,4.62,0
2756.26,2756.26,1000,3.45,0
799.73,799.73,1000,4.68,0
2954.84,2954.84,1000,3.45,0
2933.2,2933.2,1000,4.63,0
2833.17,2833.17,1000,3.46,0
3075.64,3075.64,1000,4.81,0
2962.13,2962.13,1000,3.46,0
3050.89,3050.89,1000,4.61,0
3143.47,3143.47,1000,3.46,0
827.51,827.51,1000,4.61,0
2888.3,2888.3,1000,3.46,0
3160.91,3160.91,1000,4.65,0
3086.65,3086.65,1000,3.47,0
2923.53,2923.53,1000,4.63,0
3126.07,3126.07,1000,3.47,0
2933.37,2933.37,1000,4.63,0
3113.63,3113.63,1000,3.45,0
2944.2,2944.2,1000,3.49,0
2870.24,2870.24,1000,3.47,0
3127.72,3127.72,1000,4.67,0
2975.79,2975.79,1000,3.46,0
2773.35,2773.35,1000,4.64,0
3011.1,3011.1,1000,3.48,0
463.26,463.26,1000,4.64,0
2975.73,2975.73,1000,3.47,0
3110.11,3110.11,1000,4.65,0
3265.36,3265.36,1000,3.47,0
3174.08,3174.08,1000,4.79,0
3200.46,3200.46,1000,3.49,0
3238.74,3238.74,1000,4.66,0
3149.26,3149.26,1000,3.46,0
3134.28,3134.28,1000,4.63,0
640.68,640.68,1000,3.45,0
2154.37,2154.37,1000,4.66,0
1715.39,1715.39,1000,3.46,0
3163.58,3163.58,1000,4.63,0
3341.38,3341.38,1000,3.5,0
3451.42,3451.42,1000,4.62,0
3409.68,3409.68,1000,3.47,0
3061.62,3061.62,1000,4.62,0
3271.95,3271.95,1000,3.45,0
2767.08,2767.08,1000,4.75,0
3395.58,3395.58,1000,3.48,0
3258.81,3258.81,1000,4.77,0
3380.96,3380.96,1000,3.45,0
3132.45,3132.45,1000,4.63,0
3230.86,3230.86,1000,3.49,0
3145.81,3145.81,1000,4.66,0
3784.81,3784.81,1000,3.49,0
3431.38,3431.38,1000,4.62,0
3463.01,3463.01,1000,3.51,0
3711.48,3711.48,1000,4.67,0
3533.36,3533.36,1000,3.45,0
3396.06,3396.06,1000,4.61,0
3704.05,3704.05,1000,3.45,0
3640.62,3640.62,1000,4.63,0
3703.71,3703.71,1000,3.47,0
3526.77,3526.77,1000,3.49,0
3773.97,3773.97,1000,3.45,0
3775.06,3775.06,1000,4.62,0
700.98,700.98,1000,3.45,0
3618.95,3618.95,1000,4.66,0
3820.69,3820.69,1000,3.47,0
3515.31,3515.31,1000,4.63,0
4013.15,4013.15,1000,3.47,0
3807.94,3807.94,1000,4.62,0
3644.84,3644.84,1000,3.45,0
3645.18,3645.18,1000,4.63,0
3667.47,3667.47,1000,3.49,0
3500.86,3500.86,1000,4.63,0
3597.31,3597.31,1000,3.46,0
3767.51,3767.51,1000,4.66,0
3662.78,3662.78,1000,3.48,0
3544.11,3544.11,1000,4.64,0
3511.67,3511.67,1000,3.46,0
3497.27,3497.27,1000,4.65,0
3583.82,3583.82,1000,3.46,0
3534.37,3534.37,1000,4.61,0
3599.13,3599.13,1000,3.45,0
3795.81,3795.81,1000,4.65,0
2037.29,2037.29,1000,3.44,0
3769.01,3769.01,1000,4.62,0
3671.01,3671.01,1000,3.45,0
3717.88,3717.88,1000,4.61,0
3539.33,3539.33,1000,3.45,0
3753.1,3753.1,1000,4.63,0
3800.43,3800.43,1000,3.47,0
3789.99,3789.99,1000,4.65,0
3817.06,3817.06,1000,3.44,0
3924.08,3924.08,1000,4.62,0
3960.99,3960.99,1000,3.46,0
3808.52,3808.52,1000,4.65,0
3813.13,3813.13,1000,3.49,0
3828.55,3828.55,1000,4.78,0
4022.38,4022.38,1000,3.46,0
3983.58,3983.58,1000,4.62,0
3844.55,3844.55,1000,3.44,0
3798.83,3798.83,1000,3.46,0
3777.03,3777.03,1000,3.47,0
3722.79,3722.79,1000,4.64,0
3116.29,3116.29,1000,3.46,0
3862.99,3862.99,1000,4.63,0
3889.35,3889.35,1000,3.47,0
3928.68,3928.68,1000,4.64,0
3935.23,3935.23,1000,3.45,0
3766.09,3766.09,1000,4.63,0
3885.29,3885.29,1000,3.46,0
3770.54,3770.54,1000,4.62,0
3959.86,3959.86,1000,3.46,0
247.46,247.46,1000,4.62,0
3958.68,3958.68,1000,3.5,0
3870.05,3870.05,1000,4.64,0
3859.86,3859.86,1000,3.49,0
3747.22,3747.22,1000,4.78,0
3982.81,3982.81,1000,3.45,0
1158.27,1158.27,1000,4.62,0
3325.28,3325.28,1000,3.46,0
3991.99,3991.99,1000,4.66,0
4186.35,4186.35,1000,3.46,0
2634.14,2634.14,1000,4.63,0
3646.11,3646.11,1000,3.47,0
4191.43,4191.43,1000,4.64,0
4003.91,4003.91,1000,3.45,0
1696.41,1696.41,1000,4.61,0
3886.63,3886.63,1000,3.46,0
4015.9,4015.9,1000,4.62,0
3919.26,3919.26,1000,3.46,0
3952.13,3952.13,1000,4.62,0
3356.66,3356.66,1000,3.45,0
3124.37,3124.37,1000,4.62,0
3919.32,3919.32,1000,3.47,0
4048.29,4048.29,1000,4.62,0
3858.3,3858.3,1000,3.46,0
3987.35,3987.35,1000,4.64,0
177.5,177.5,1000,3.44,0
3706.57,3706.57,1000,4.63,0
3877.59,3877.59,1000,3.5,0
3729.96,3729.96,1000,3.48,0
3863.28,3863.28,1000,3.47,0
3697.34,3697.34,1000,4.63,0
3776.88,3776.88,1000,3.44,0
3729.29,3729.29,1000,4.61,0
3775.55,3775.55,1000,3.47,0
3083.99,3083.99,1000,4.72,0
202.05,202.05,1000,3.44,0
3637.2,3637.2,1000,4.64,0
290.72,290.72,1000,3.43,0
3880.2,3880.2,1000,4.63,0
4049.05,4049.05,1000,3.48,0
3929.74,3929.74,1000,4.66,0
2612.66,2612.66,1000,3.49,0
3724.47,3724.47,1000,4.8,0
3831.87,3831.87,1000,3.45,0
-249.37,-249.37,1000,4.59,0
3856.89,3856.89,1000,3.45,0
-88.15,-88.15,1000,4.62,0
3814.78,3814.78,1000,3.46,0
3968.66,3968.66,1000,4.63,0
3551.9,3551.9,1000,3.45,0
1802.71,1802.71,1000,4.65,0
3607.55,3607.55,1000,3.47,0
3799.98,3799.98,1000,4.63,0
964.84,964.84,1000,3.42,0
3577.09,3577.09,1000,4.64,0
3523.74,3523.74,1000,3.48,0
3843.33,3843.33,1000,4.78,0
4025.77,4025.77,1000,3.5,0
1401.97,1401.97,1000,4.66,0
4085.39,4085.39,1000,3.48,0
1260.32,1260.32,1000,4.61,0
3730.14,3730.14,1000,3.46,0
4097.72,4097.72,1000,4.65,0
3953.97,3953.97,1000,3.48,0
3995.25,3995.25,1000,4.65,0
4078.37,4078.37,1000,3.46,0
3952.05,3952.05,1000,4.62,0
4106.14,4106.14,1000,3.45,0
4360.59,4360.59,1000,3.45,0
4037.69,4037.69,1000,3.46,0
4212.62,4212.62,1000,4.64,0
3946.02,3946.02,1000,3.48,0
3966.39,3966.39,1000,4.63,0
4150.27,4150.27,1000,3.46,0
-319.76,-319.76,1000,4.66,0
3882.69,3882.69,1000,3.49,0
4265.95,4265.95,1000,4.66,0
4028.61,4028.61,1000,3.45,0
3999.6,3999.6,1000,4.67,0
568.63,568.63,1000,3.44,0
3492.81,3492.81,1000,4.66,0
47.16,47.16,1000,3.5,0
4139.37,4139.37,1000,4.64,0
4119.97,4119.97,1000,3.48,0
4222.47,4222.47,1000,4.63,0
4140.19,4140.19,1000,3.46,0
4091.74,4091.74,1000,4.66,0
4052.58,4052.58,1000,3.47,0
84.13,84.13,1000,4.61,0
3926.41,3926.41,1000,3.48,0
2508.37,2508.37,1000,4.66,0
4197.33,4197.33,1000,3.48,0
4082.2,4082.2,1000,4.63,0
4034.87,4034.87,1000,3.48,0
3438.21,3438.21,1000,4.62,0
4052.34,4052.34,1000,3.49,0
4113.81,4113.81,1000,4.68,0
4117.52,4117.52,1000,3.47,0
4072.75,4072.75,1000,4.62,0
3948.23,3948.23,1000,3.46,0
4103.48,4103.48,1000,4.61,0
4207.22,4207.22,1000,3.47,0
58.86,58.86,1000,4.61,0
4186.49,4186.49,1000,3.46,0
1955.05,1955.05,1000,4.61,0
4160.66,4160.66,1000,3.44,0
4171.72,4171.72,1000,4.62,0
4152.05,4152.05,1000,3.45,0
4006.99,4006.99,1000,3.49,0
3850.6,3850.6,1000,3.53,0
4423.45,4423.45,1000,4.63,0
-289.49,-289.49,1000,3.48,0
4024.37,4024.37,1000,4.7,0
4341.08,4341.08,1000,3.48,0
3075.15,3075.15,1000,4.77,0
4169.79,4169.79,1000,3.47,0
4184.96,4184.96,1000,4.67,0
4373.42,4373.42,1000,3.46,0
3940.93,3940.93,1000,4.65,0
1119.73,1119.73,1000,3.43,0
4345.34,4345.34,1000,4.65,0
4259.34,4259.34,1000,3.48,0
4345.45,4345.45,1000,4.66,0
4163.41,4163.41,1000,3.46,0
4161.51,4161.51,1000,4.63,0
3276.47,3276.47,1000,3.45,0
3593.77,3593.77,1000,4.63,0
4106.92,4106.92,1000,3.46,0
3726.31,3726.31,1000,4.8,0
4089.0,4089.0,1000,3.47,0
1789.15,1789.15,1000,4.62,0
3511.51,3511.51,1000,3.47,0
3593.5,3593.5,1000,4.64,0
4051.6,4051.6,1000,3.48,0
3503.59,3503.59,1000,4.69,0
4099.03,4099.03,1000,3.48,0
4162.58,4162.58,1000,4.62,0
4145.33,4145.33,1000,3.45,0
4088.09,4088.09,1000,4.64,0
4035.14,4035.14,1000,3.45,0
4136.2,4136.2,1000,4.63,0
4002.13,4002.13,1000,3.47,0
4126.53,4126.53,1000,4.64,0
4235.61,4235.61,1000,3.49,0
4239.14,4239.14,1000,4.8,0
77.37,77.37,1000,3.43,0
2750.96,2750.96,1000,4.64,0
4554.72,4554.72,1000,3.47,0
4216.14,4216.14,1000,3.48,0
3179.0,3179.0,1000,3.44,0
4395.78,4395.78,1000,4.79,0
759.2,759.2,1000,3.47,0
4022.24,4022.24,1000,4.67,0
4193.53,4193.53,1000,3.47,0
4229.07,4229.07,1000,4.66,0
1038.68,1038.68,1000,3.43,0
4205.11,4205.11,1000,4.67,0
1965.0,1965.0,1000,3.48,0
4287.19,4287.19,1000,4.67,0
4132.29,4132.29,1000,3.47,0
3787.04,3787.04,1000,4.66,0
4194.05,4194.05,1000,3.48,0
962.79,962.79,1000,4.63,0
4341.78,4341.78,1000,3.48,0
4403.97,4403.97,1000,4.79,0
4358.29,4358.29,1000,3.49,0
4122.17,4122.17,1000,4.69,0
2438.96,2438.96,1000,3.49,0
4040.04,4040.04,1000,4.67,0
4263.5,4263.5,1000,3.5,0
4365.0,4365.0,1000,4.69,0
3855.16,3855.16,1000,3.47,0
3548.19,3548.19,1000,4.68,0
4336.53,4336.53,1000,3.48,0
4034.44,4034.44,1000,4.68,0
470.09,470.09,1000,3.49,0
1227.72,1227.72,1000,4.67,0
3828.94,3828.94,1000,3.47,0
3982.5,3982.5,1000,4.65,0
3645.22,3645.22,1000,3.49,0
4001.44,4001.44,1000,4.64,0
4073.0,4073.0,1000,3.46,0
3952.22,3952.22,1000,4.67,0
4143.06,4143.06,1000,3.47,0
1103.4,1103.4,1000,4.64,0
3922.0,3922.0,1000,3.47,0
3905.39,3905.39,1000,4.64,0
690.08,690.08,1000,3.49,0
40.22,40.22,1000,3.45,0
3920.14,3920.14,1000,3.46,0
3567.21,3567.21,1000,4.77,0
-14.8,-14.8,1000,3.51,0
4307.1,4307.1,1000,4.64,0
3916.41,3916.41,1000,3.48,0
4313.63,4313.63,1000,4.66,0
3744.33,3744.33,1000,3.46,0
4213.87,4213.87,1000,4.67,0
4133.18,4133.18,1000,3.6,0
1497.88,1497.88,1000,4.66,0
4118.15,4118.15,1000,3.47,0
3988.97,3988.97,1000,4.81,0
3982.02,3982.02,1000,3.5,0
4012.96,4012.96,1000,4.67,0
4068.27,4068.27,1000,3.45,0
4073.12,4073.12,1000,4.62,0
4131.65,4131.65,1000,3.48,0
4337.32,4337.32,1000,4.63,0
4213.3,4213.3,1000,3.46,0
2185.15,2185.15,1000,4.66,0
38.32,38.32,1000,3.43,0
3289.2,3289.2,1000,4.65,0
3623.87,3623.87,1000,3.46,0
2621.56,2621.56,1000,4.64,0
3822.93,3822.93,1000,3.47,0
23.49,23.49,1000,4.62,0
1319.74,1319.74,1000,3.48,0
4208.66,4208.66,1000,4.82,0
4050.73,4050.73,1000,3.49,0
2403.99,2403.99,1000,4.68,0
3576.08,3576.08,1000,3.52,0
3777.75,3777.75,1000,4.65,0
3799.92,3799.92,1000,3.46,0
3910.06,3910.06,1000,4.63,0
1263.09,1263.09,1000,3.51,0
3878.74,3878.74,1000,4.63,0
1512.29,1512.29,1000,3.47,0
3665.4,3665.4,1000,4.63,0
3958.89,3958.89,1000,3.49,0
4506.65,4506.65,1000,3.5,0
3414.49,3414.49,1000,3.49,0
4259.44,4259.44,1000,4.68,0
3928.1,3928.1,1000,3.48,0
1638.78,1638.78,1000,4.66,0
2570.43,2570.43,1000,3.46,0
529.5,529.5,1000,4.69,0
138.01,138.01,1000,3.51,0
1961.41,1961.41,1000,4.68,0
-120.79,-120.79,1000,3.54,0
566.35,566.35,1000,4.79,0
4336.02,4336.02,1000,3.5,0
4761.21,4761.21,1000,4.64,0
-152.81,-152.81,1000,3.51,0
4475.33,4475.33,1000,4.68,0
1196.76,1196.76,1000,3.48,0
4814.36,4814.36,1000,4.67,0
4606.06,4606.06,1000,3.48,0
1341.4,1341.4,1000,4.67,0
1970.6,1970.6,1000,3.49,0
-50.24,-50.24,1000,4.67,0
2617.47,2617.47,1000,3.47,0
4569.52,4569.52,1000,4.64,0
-219.09,-219.09,1000,3.5,0
4585.89,4585.89,1000,4.82,0
4362.44,4362.44,1000,3.48,0
4355.07,4355.07,1000,4.67,0
259.27,259.27,1000,3.47,0
1839.51,1839.51,1000,4.62,0
4479.52,4479.52,1000,3.48,0
4541.73,4541.73,1000,4.65,0
1938.31,1938.31,1000,3.5,0
4701.36,4701.36,1000,4.63,0
1655.84,1655.84,1000,3.45,0
4465.16,4465.16,1000,4.64,0
352.18,352.18,1000,3.51,0
-23.81,-23.81,1000,4.62,0
4692.93,4692.93,1000,3.52,0
4468.4,4468.4,1000,4.66,0
2963.44,2963.44,1000,3.52,0
3300.74,3300.74,1000,3.49,0
4200.06,4200.06,1000,3.51,0
4614.51,4614.51,1000,4.68,0
4639.69,4639.69,1000,3.52,0
330.07,330.07,1000,4.71,0
4188.23,4188.23,1000,3.52,0
375.99,375.99,1000,4.64,0
915.62,915.62,1000,3.54,0
1842.63,1842.63,1000,4.83,0
181.58,181.58,1000,3.51,0
1124.43,1124.43,1000,4.69,0
719.12,719.12,1000,3.49,0
1633.07,1633.07,1000,4.69,0
1850.92,1850.92,1000,3.49,0
1541.23,1541.23,1000,4.64,0
2103.74,2103.74,1000,3.47,0
2078.61,2078.61,1000,4.66,0
2093.33,2093.33,1000,3.51,0
2251.45,2251.45,1000,4.69,0
432.44,432.44,1000,3.48,0
2743.29,2743.29,1000,4.81,0
2858.17,2858.17,1000,3.56,0
3145.49,3145.49,1000,4.69,0
921.18,921.18,1000,3.45,0
674.54,674.54,1000,4.65,0
33.83,33.83,1000,3.47,0
2961.29,2961.29,1000,4.67,0
1556.58,1556.58,1000,3.5,0
487.06,487.06,1000,4.64,0
3167.37,3167.37,1000,3.48,0
3033.75,3033.75,1000,4.66,0
2196.03,2196.03,1000,3.48,0
1646.86,1646.86,1000,4.63,0
2492.2,2492.2,1000,3.5,0
3431.59,3431.59,1000,4.66,0
3478.41,3478.41,1000,3.48,0
2969.61,2969.61,1000,4.8,0
3833.72,3833.72,1000,3.48,0
3666.76,3666.76,1000,4.68,0
3972.93,3972.93,1000,3.48,0
3687.37,3687.37,1000,3.48,0
3785.1,3785.1,1000,3.47,0
3777.87,3777.87,1000,4.63,0
3870.96,3870.96,1000,3.48,0
3483.99,3483.99,1000,4.64,0
68.08,68.08,1000,3.44,0
3677.41,3677.41,1000,4.64,0
3891.69,3891.69,1000,3.47,0
3663.76,3663.76,1000,4.67,0
3844.74,3844.74,1000,3.49,0
3840.18,3840.18,1000,4.66,0
3743.02,3743.02,1000,3.47,0
3770.0,3770.0,1000,4.64,0
1785.07,1785.07,1000,3.5,0
3926.55,3926.55,1000,4.63,0
3848.87,3848.87,1000,3.46,0
3599.16,3599.16,1000,4.77,0
3749.52,3749.52,1000,3.49,0
3771.77,3771.77,1000,4.64,0
2205.27,2205.27,1000,3.46,0
3676.06,3676.06,1000,4.64,0
3736.73,3736.73,1000,3.53,0
3687.65,3687.65,1000,4.69,0
1837.83,1837.83,1000,3.45,0
3939.13,3939.13,1000,4.62,0
4045.16,4045.16,1000,3.47,0
3665.65,3665.65,1000,4.65,0
3844.89,3844.89,1000,3.48,0
3778.98,3778.98,1000,4.67,0
3607.21,3607.21,1000,3.48,0
3886.2,3886.2,1000,4.65,0
1331.29,1331.29,1000,3.5,0
3685.32,3685.32,1000,4.7,0
4053.14,4053.14,1000,3.47,0
3902.63,3902.63,1000,4.64,0
3896.16,3896.16,1000,3.48,0
3975.06,3975.06,1000,4.64,0
3901.25,3901.25,1000,3.49,0
3931.13,3931.13,1000,4.63,0
3875.19,3875.19,1000,3.47,0
4048.57,4048.57,1000,3.48,0
4143.5,4143.5,1000,3.5,0
4131.15,4131.15,1000,4.66,0
4067.46,4067.46,1000,3.48,0
-41.65,-41.65,1000,4.67,0
3948.62,3948.62,1000,3.48,0
420.72,420.72,1000,4.63,0
446.27,446.27,1000,3.48,0
3900.33,3900.33,1000,4.68,0
4075.62,4075.62,1000,3.48,0
3850.36,3850.36,1000,4.64,0
4035.78,4035.78,1000,3.48,0
3944.07,3944.07,1000,4.65,0
3768.5,3768.5,1000,3.48,0
4027.34,4027.34,1000,4.83,0
2228.27,2228.27,1000,3.5,0
4042.38,4042.38,1000,4.67,0
3943.9,3943.9,1000,3.49,0
4239.88,4239.88,1000,4.67,0
4098.2,4098.2,1000,3.5,0
3879.49,3879.49,1000,4.64,0
4109.38,4109.38,1000,3.49,0
-51.46,-51.46,1000,4.64,0
3983.29,3983.29,1000,3.48,0
-90.44,-90.44,1000,4.64,0
4073.97,4073.97,1000,3.5,0
4033.2,4033.2,1000,4.67,0
4090.41,4090.41,1000,3.51,0
4030.96,4030.96,1000,4.71,0
4134.83,4134.83,1000,3.48,0
3719.3,3719.3,1000,4.85,0
4200.37,4200.37,1000,3.51,0
4384.52,4384.52,1000,4.68,0
4199.09,4199.09,1000,3.48,0
4041.58,4041.58,1000,4.69,0
3761.05,3761.05,1000,3.49,0
3889.63,3889.63,1000,4.67,0
4138.43,4138.43,1000,3.52,0
4205.66,4205.66,1000,4.65,0
4122.75,4122.75,1000,3.51,0
3966.8,3966.8,1000,3.49,0
4096.32,4096.32,1000,3.52,0
3811.56,3811.56,1000,4.66,0
3591.66,3591.66,1000,3.51,0
3646.39,3646.39,1000,4.68,0
3871.97,3871.97,1000,3.48,0
563.64,563.64,1000,4.67,0
3372.87,3372.87,1000,3.46,0
3046.24,3046.24,1000,4.65,0
2992.34,2992.34,1000,3.49,0
3601.87,3601.87,1000,4.66,0
71.9,71.9,1000,3.54,0
3377.63,3377.63,1000,4.82,0
3237.63,3237.63,1000,3.47,0
3281.88,3281.88,1000,4.64,0
3352.18,3352.18,1000,3.47,0
3730.53,3730.53,1000,4.63,0
3819.56,3819.56,1000,3.48,0
3729.72,3729.72,1000,4.67,0
3676.9,3676.9,1000,3.48,0
3600.38,3600.38,1000,4.7,0
3459.94,3459.94,1000,3.48,0
3471.9,3471.9,1000,4.69,0
799.02,799.02,1000,3.47,0
1066.65,1066.65,1000,4.89,0
2606.69,2606.69,1000,3.68,0
3672.06,3672.06,1000,4.74,0
3395.7,3395.7,1000,3.58,0
3595.12,3595.12,1000,4.76,0
3517.07,3517.07,1000,3.54,0
3408.28,3408.28,1000,4.75,0
3341.67,3341.67,1000,3.56,0
3784.79,3784.79,1000,4.76,0
3766.55,3766.55,1000,3.56,0
3898.05,3898.05,1000,4.8,0
1185.7,1185.7,1000,3.57,0
3822.78,3822.78,1000,4.76,0
3651.36,3651.36,1000,3.56,0
3709.74,3709.74,1000,4.79,0
228.7,228.7,1000,3.64,0
2456.93,2456.93,1000,3.61,0
2509.21,2509.21,1000,3.62,0
2778.03,2778.03,1000,4.79,0
1209.89,1209.89,1000,3.59,0
2931.93,2931.93,1000,4.75,0
1263.32,1263.32,1000,3.54,0
-148.16,-148.16,1000,4.76,0
2672.96,2672.96,1000,3.58,0
312.27,312.27,1000,4.76,0
2973.48,2973.48,1000,3.6,0
3194.8,3194.8,1000,4.8,0
3522.86,3522.86,1000,3.59,0
3240.56,3240.56,1000,4.81,0
3159.87,3159.87,1000,3.54,0
3489.79,3489.79,1000,4.73,0
1588.66,1588.66,1000,3.56,0
2066.5,2066.5,1000,4.82,0
560.78,560.78,1000,3.62,0
3897.83,3897.83,1000,4.78,0
3908.66,3908.66,1000,3.62,0
3932.45,3932.45,1000,4.95,0
3871.69,3871.69,1000,3.55,0
4048.38,4048.38,1000,4.73,0
4061.56,4061.56,1000,3.54,0
3980.95,3980.95,1000,4.79,0
4035.27,4035.27,1000,3.61,0
3934.46,3934.46,1000,4.79,0
4125.85,4125.85,1000,3.6,0
4077.3,4077.3,1000,4.77,0
2923.11,2923.11,1000,3.52,0
1142.95,1142.95,1000,4.64,0
4259.3,4259.3,1000,3.48,0
3941.49,3941.49,1000,4.67,0
4283.25,4283.25,1000,3.49,0
3911.56,3911.56,1000,4.69,0
3636.05,3636.05,1000,3.52,0
3849.5,3849.5,1000,4.68,0
3996.35,3996.35,1000,3.47,0
-307.57,-263.07,1000,4.68,1
3775.37,3775.37,1000,3.53,0
2638.34,2638.34,1000,3.53,0
3892.87,3892.87,1000,3.49,0
501.47,501.47,1000,4.63,0
3847.52,3847.52,1000,3.47,0
3820.42,3820.42,1000,4.66,0
4000.55,4000.55,1000,3.48,0
3739.32,3739.32,1000,4.67,0
3861.75,3861.75,1000,3.49,0
3829.41,3829.41,1000,4.66,0
3611.09,3611.09,1000,3.48,0
3855.56,3855.56,1000,4.66,0
-42.95,-42.95,1000,3.46,0
3901.04,3901.04,1000,4.64,0
3851.44,3851.44,1000,3.49,0
3777.81,3777.81,1000,4.67,0
4058.72,4058.72,1000,3.49,0
3957.45,3957.45,1000,4.81,0
3817.46,3817.46,1000,3.49,0
4011.93,4011.93,1000,4.64,0
4204.21,4204.21,1000,3.49,0
1412.48,1412.48,1000,4.67,0
-258.25,-258.25,1000,3.46,0
2291.19,2291.19,1000,4.69,0
3835.79,3835.79,1000,3.51,0
3987.79,3987.79,1000,4.65,0
74.8,74.8,1000,3.5,0
4084.21,4084.21,1000,4.68,0
1341.61,1341.61,1000,3.48,0
4176.41,4176.41,1000,4.68,0
3999.24,3999.24,1000,3.49,0
47.85,47.85,1000,4.65,0
2004.17,2004.17,1000,3.44,0
112.87,112.87,1000,4.67,0
3972.64,3972.64,1000,3.48,0
-12.3,-12.3,1000,4.73,0
3656.57,3656.57,1000,3.49,0
4045.05,4045.05,1000,4.7,0
3053.76,3053.76,1000,3.5,0
4044.78,4044.78,1000,4.69,0
3966.54,3966.54,1000,3.51,0
3784.76,3784.76,1000,3.49,0
3820.0,3820.0,1000,3.49,0
278.12,278.12,1000,4.78,0
1196.07,1196.07,1000,3.51,0
-149.8,-149.8,1000,4.73,0
3092.89,3092.89,1000,3.52,0
-5.48,-5.48,1000,4.68,0
133.58,133.58,1000,3.52,0
3842.12,3842.12,1000,4.65,0
1355.36,1355.36,1000,3.51,0
3541.75,3541.75,1000,4.66,0
3532.02,3532.02,1000,3.49,0
930.04,930.04,1000,4.66,0
2538.75,2538.75,1000,3.52,0
-360.72,-360.72,1000,4.71,0
4021.93,4021.93,1000,3.47,0
3893.85,3893.85,1000,4.66,0
3835.6,3835.6,1000,3.48,0
2427.9,2427.9,1000,4.63,0
3979.27,3979.27,1000,3.49,0
4054.28,4054.28,1000,4.66,0
3990.77,3990.77,1000,3.5,0
1032.06,1032.06,1000,4.66,0
4058.46,4058.46,1000,3.49,0
3587.64,3587.64,1000,4.66,0
1900.97,1900.97,1000,3.47,0
3941.9,3941.9,1000,4.64,0
3846.82,3846.82,1000,3.47,0
3846.47,3846.47,1000,4.68,0
4029.33,4029.33,1000,3.51,0
3256.31,3256.31,1000,4.69,0
3791.54,3791.54,1000,3.49,0
1504.17,1504.17,1000,4.65,0
3972.87,3972.87,1000,3.49,0
4032.35,4032.35,1000,4.66,0
4001.97,4001.97,1000,3.49,0
1185.69,1185.69,1000,4.64,0
3793.4,3793.4,1000,3.51,0
777.9,777.9,1000,4.64,0
4138.02,4138.02,1000,3.52,0
3359.25,3359.25,1000,3.57,0
935.82,935.82,1000,3.54,0
3563.84,3563.84,1000,4.83,0
3148.5,3148.5,1000,3.48,0
-320.04,-320.04,1000,4.64,0
3688.33,3688.33,1000,3.54,0
3660.88,3660.88,1000,4.7,0
-285.73,-285.73,1000,3.56,0
2657.31,2657.31,1000,4.68,0
-300.99,-300.99,1000,3.55,0
-292.12,-292.12,1000,4.77,0
-279.95,-279.95,1000,3.55,0
-283.77,-283.77,1000,4.89,0
-271.12,-271.12,1000,3.57,0
-296.59,-296.59,1000,4.72,0
-304.33,-304.33,1000,3.55,0
-319.89,-319.89,1000,4.68,0
-307.36,-307.36,1000,3.55,0
3744.04,3744.04,1000,4.74,0
3690.17,3690.17,1000,3.56,0
3513.28,3513.28,1000,4.75,0
-269.13,-269.13,1000,3.56,0
-284.66,-284.66,1000,4.72,0
3392.94,3392.94,1000,3.52,0
-254.95,-254.95,1000,4.72,0
3375.21,3375.21,1000,3.58,0
-262.82,-262.82,1000,4.83,0
3325.6,3325.6,1000,3.49,0
-251.52,-251.52,1000,4.67,0
-265.89,-265.89,1000,3.56,0
3540.34,3540.34,1000,4.74,0
-258.85,-258.85,1000,3.47,0
3626.66,3626.66,1000,4.67,0
3546.53,3546.53,1000,3.56,0
3701.12,3701.12,1000,4.9,0
-278.04,-278.04,1000,3.57,0
-256.57,-256.57,1000,4.7,0
-258.92,-258.92,1000,3.55,0
-268.64,-268.64,1000,4.72,0
3522.52,3522.52,1000,3.55,0
-273.19,-273.19,1000,3.57,0
-263.34,-263.34,1000,3.58,0
3800.92,3800.92,1000,4.76,0
-272.15,-272.15,1000,3.55,0
-279.96,-279.96,1000,4.74,0
-285.45,-285.45,1000,3.58,0
-293.75,-293.75,1000,4.81,0
-291.81,-291.81,1000,3.55,0
-269.27,-269.27,1000,4.71,0
-281.5,-281.5,1000,3.55,0
-266.98,-266.98,1000,4.75,0
-266.83,-266.83,1000,3.58,0
-257.82,-257.82,1000,4.74,0
-250.21,-250.21,1000,3.56,0
-252.22,-252.22,1000,4.67,0
3740.44,3740.44,1000,3.52,0
-256.56,-256.56,1000,4.74,0
-237.88,-237.88,1000,3.5,0
-245.21,-245.21,1000,4.85,0
1767.5,1767.5,1000,3.57,0
-251.35,-251.35,1000,4.9,0
-243.23,-243.23,1000,3.51,0
-209.9,-209.9,1000,4.71,0
3475.86,3475.86,1000,3.55,0
1556.13,1556.13,1000,4.75,0
-205.39,-205.39,1000,3.53,0
549.84,549.84,1000,4.74,0
939.9,939.9,1000,3.58,0
-206.84,-206.84,1000,4.73,0
-185.39,-185.39,1000,3.57,0
-184.33,-184.33,1000,4.75,0
-142.72,-142.72,1000,3.56,0
-151.82,-151.82,1000,4.87,0
-114.11,-114.11,1000,3.54,0
800.82,800.82,1000,4.89,0
-54.21,-54.21,1000,3.56,0
-59.58,-59.58,1000,4.72,0
940.96,940.96,1000,3.52,0
7.52,7.52,1000,4.69,0
540.86,540.86,1000,3.52,0
397.89,397.89,1000,3.51,0
53.61,53.61,1000,3.51,0
47.1,47.1,1000,4.84,0
52.91,52.91,1000,3.53,0
59.1,59.1,1000,4.69,0
44.6,44.6,1000,3.51,0
41.26,41.26,1000,4.72,0
28.97,28.97,1000,3.53,0
3843.99,3843.99,1000,4.84,0
47.22,47.22,1000,3.5,0
14.72,14.72,1000,4.66,0
20.06,20.06,1000,3.52,0
-190.88,-190.88,1000,4.66,0
-115.12,-115.12,1000,3.49,0
-176.9,-176.9,1000,4.78,0
3564.6,3564.6,1000,3.51,0
30.72,30.72,1000,4.74,0
15.01,15.01,1000,3.5,0
38.8,38.8,1000,4.64,0
3896.7,3896.7,1000,3.5,0
1162.07,1162.07,1000,4.64,0
-275.99,-275.99,1000,3.49,0
67.22,34.04,1000,4.62,1
89.19,80.65,1000,3.47,1
101.77,60.31,1000,4.64,1
3855.04,3855.04,1000,3.51,0
144.42,26.87,1000,4.66,1
118.62,48.3,1000,3.47,1
3551.3,3551.3,1000,4.65,0
3372.21,3372.21,1000,3.5,0
102.34,60.68,1000,4.66,1
3773.88,3773.88,1000,3.48,0
3701.27,3701.27,1000,4.66,0
2491.98,2491.98,1000,3.47,0
2293.47,2293.47,1000,4.66,0
1320.24,1320.24,1000,3.47,0
2547.22,2547.22,1000,4.65,0
1695.57,1695.57,1000,3.46,0
3783.24,3783.24,1000,4.68,0
3563.17,3563.17,1000,3.49,0
3042.88,3042.88,1000,3.5,0
3958.3,3958.3,1000,3.49,0
4083.0,4083.0,1000,4.67,0
3445.25,3445.25,1000,3.49,0
3853.87,3853.87,1000,4.66,0
4090.62,4090.62,1000,3.5,0
1580.5,1580.5,1000,4.71,0
109.5,109.5,1000,3.48,0
-31.37,-31.37,1000,4.83,0
4069.11,4069.11,1000,3.49,0
4162.53,4162.53,1000,4.64,0
3928.69,3928.69,1000,3.49,0
3923.44,3923.44,1000,4.67,0
3727.02,3727.02,1000,3.49,0
4008.45,4008.45,1000,4.71,0
3237.3,3237.3,1000,3.48,0
-59.5,-59.5,1000,4.63,0
4119.58,4119.58,1000,3.48,0
4120.79,4120.79,1000,4.65,0
4079.09,4079.09,1000,3.49,0
4206.92,4206.92,1000,4.67,0
-331.65,-331.65,1000,3.46,0
4068.94,4068.94,1000,4.81,0
2279.21,2279.21,1000,3.48,0
4067.65,4067.65,1000,4.68,0
4070.66,4070.66,1000,3.49,0
4186.28,4186.28,1000,4.64,0
2869.0,2869.0,1000,3.48,0
4096.23,4096.23,1000,4.65,0
4191.1,4191.1,1000,3.48,0
4039.88,4039.88,1000,4.69,0
450.97,450.97,1000,3.45,0
4155.54,4155.54,1000,4.66,0
3446.44,3446.44,1000,3.49,0
4176.19,4176.19,1000,4.82,0
4058.85,4058.85,1000,3.48,0
3798.78,3798.78,1000,4.65,0
3924.48,3924.48,1000,3.52,0
4128.18,4128.18,1000,4.69,0
3637.92,3637.92,1000,3.49,0
3712.16,3712.16,1000,3.51,0
1812.48,1812.48,1000,3.47,0
3980.0,3980.0,1000,4.67,0
3812.12,3812.12,1000,3.48,0
3681.72,3681.72,1000,4.65,0
3662.36,3662.36,1000,3.52,0
3938.37,3938.37,1000,4.7,0
3903.36,3903.36,1000,3.5,0
3845.37,3845.37,1000,4.66,0
3920.51,3920.51,1000,3.49,0
3836.67,3836.67,1000,4.66,0
3843.42,3843.42,1000,3.5,0
3892.29,3892.29,1000,4.7,0
3765.44,3765.44,1000,3.56,0
3962.85,3962.85,1000,4.73,0
4016.65,4016.65,1000,3.56,0
4038.73,4038.73,1000,4.84,0
4100.7,4100.7,1000,3.49,0
3902.71,3902.71,1000,4.69,0
4142.44,4142.44,1000,3.48,0
3720.69,3720.69,1000,4.67,0
3783.24,3783.24,1000,3.5,0
3918.03,3918.03,1000,4.67,0
4202.53,4202.53,1000,3.49,0
3974.47,3974.47,1000,4.67,0
4240.24,4240.24,1000,3.5,0
4035.71,4035.71,1000,4.8,0
4138.33,4138.33,1000,3.51,0
4202.23,4202.23,1000,4.66,0
4154.52,4154.52,1000,3.51,0
3971.9,3971.9,1000,4.81,0
3205.0,3205.0,1000,3.47,0
4127.2,4127.2,1000,4.67,0
4204.65,4204.65,1000,3.48,0
4099.54,4099.54,1000,4.68,0
3963.15,3963.15,1000,3.49,0
4110.54,4110.54,1000,4.65,0
4220.72,4220.72,1000,3.5,0
4259.24,4259.24,1000,4.65,0
4272.32,4272.32,1000,3.48,0
3985.34,3985.34,1000,3.5,0
4320.14,4320.14,1000,3.52,0
4161.32,4161.32,1000,4.66,0
4142.11,4142.11,1000,3.49,0
4234.5,4234.5,1000,4.65,0
4143.51,4143.51,1000,3.5,0
4166.51,4166.51,1000,4.68,0
4114.63,4114.63,1000,3.5,0
3996.48,3996.48,1000,4.65,0
4301.9,4301.9,1000,3.48,0
4140.33,4140.33,1000,4.68,0
4269.99,4269.99,1000,3.49,0
4103.74,4103.74,1000,4.65,0
4117.76,4117.76,1000,3.49,0
4199.71,4199.71,1000,4.66,0
4108.4,4108.4,1000,3.48,0
4141.2,4141.2,1000,4.64,0
4177.41,4177.41,1000,3.48,0
1215.26,1215.26,1000,4.63,0
3935.78,3935.78,1000,3.49,0
3880.48,3880.48,1000,4.65,0
3978.91,3978.91,1000,3.47,0
4109.59,4109.59,1000,4.64,0
4207.76,4207.76,1000,3.5,0
3968.93,3968.93,1000,4.67,0
4036.73,4036.73,1000,3.5,0
4204.33,4204.33,1000,4.63,0
4141.67,4141.67,1000,3.5,0
4273.74,4273.74,1000,4.71,0
4132.39,4132.39,1000,3.51,0
4134.41,4134.41,1000,4.67,0
4190.52,4190.52,1000,3.49,0
4224.71,4224.71,1000,4.64,0
4138.9,4138.9,1000,3.5,0
4285.74,4285.74,1000,4.83,0
4208.98,4208.98,1000,3.5,0
3950.58,3950.58,1000,4.65,0
4239.84,4239.84,1000,3.52,0
4056.29,4056.29,1000,4.7,0
4094.27,4094.27,1000,3.48,0
