#{"t_start": 1650534918.2528133, "env_id": "HCWithPos-v0"}
reward,reward_nc,len,time,constraint
247.69,73.23,1000,2.65,1
305.68,305.68,1000,2.7,0
249.85,249.85,1000,11.75,0
350.27,103.86,1000,2.59,1
231.85,231.85,1000,13.18,0
341.88,251.74,1000,2.6,1
281.47,87.86,1000,11.12,1
373.54,61.08,1000,2.62,1
352.01,352.01,1000,13.56,0
278.3,278.3,1000,2.62,0
443.06,47.36,1000,13.22,1
325.17,124.35,1000,2.63,1
366.54,69.24,1000,14.5,1
311.65,176.11,1000,2.62,1
425.86,141.07,1000,13.88,1
437.2,90.86,1000,2.62,1
375.68,77.21,1000,13.41,1
211.38,211.38,1000,2.65,0
427.43,125.41,1000,12.52,1
301.15,93.86,1000,2.61,1
239.93,48.35,1000,13.2,1
432.94,59.8,1000,2.6,1
374.59,323.56,1000,11.44,1
261.88,261.88,1000,2.63,0
271.35,271.35,1000,14.88,0
343.98,277.55,1000,2.6,1
337.09,42.43,1000,13.18,1
260.15,48.53,1000,2.61,1
380.95,85.96,1000,11.99,1
366.59,220.8,1000,2.61,1
263.43,263.43,1000,11.69,0
315.41,315.41,1000,2.61,0
308.4,286.43,1000,13.21,1
266.65,266.65,1000,2.62,0
357.08,55.41,1000,12.01,1
261.09,261.09,1000,2.6,0
254.03,254.03,1000,13.17,0
390.68,390.68,1000,2.61,0
370.69,370.69,1000,12.7,0
407.06,407.06,1000,2.6,0
405.25,405.25,1000,12.25,0
353.7,343.46,1000,2.64,1
233.69,201.12,1000,2.63,1
305.46,305.46,1000,13.22,0
414.49,414.49,1000,2.63,0
506.45,506.45,1000,14.14,0
405.55,405.55,1000,2.61,0
328.92,328.92,1000,13.18,0
295.19,295.19,1000,2.62,0
257.38,257.38,1000,13.68,0
271.31,271.31,1000,2.62,0
296.97,296.97,1000,12.11,0
358.19,358.19,1000,2.63,0
285.2,285.2,1000,11.71,0
259.36,259.36,1000,2.63,0
231.43,170.65,1000,13.19,1
336.31,336.31,1000,2.6,0
385.47,385.47,1000,13.15,0
441.15,441.15,1000,2.61,0
343.62,343.62,1000,13.15,0
249.55,249.55,1000,2.63,0
379.11,379.11,1000,11.24,0
312.72,312.72,1000,2.64,0
478.35,478.35,1000,13.16,0
221.4,221.4,1000,2.63,0
360.72,360.72,1000,11.12,0
331.78,331.78,1000,2.61,0
370.94,370.94,1000,8.0,0
405.18,405.18,1000,2.65,0
416.05,416.05,1000,11.8,0
522.37,522.37,1000,2.62,0
417.49,417.49,1000,9.03,0
490.63,490.63,1000,2.63,0
350.42,350.42,1000,6.37,0
284.13,284.13,1000,2.64,0
452.14,452.14,1000,15.23,0
501.01,501.01,1000,2.64,0
239.0,239.0,1000,11.73,0
623.22,623.22,1000,2.64,0
458.7,458.7,1000,11.14,0
588.03,588.03,1000,2.62,0
596.71,596.71,1000,5.91,0
327.68,327.68,1000,2.63,0
482.52,482.52,1000,4.61,0
527.04,527.04,1000,2.64,0
357.85,357.85,1000,2.65,0
579.5,579.5,1000,5.51,0
512.79,512.79,1000,2.65,0
497.41,497.41,1000,11.08,0
234.85,234.85,1000,2.62,0
418.37,418.37,1000,11.74,0
600.76,600.76,1000,2.62,0
592.09,592.09,1000,4.61,0
705.35,705.35,1000,2.62,0
658.41,658.41,1000,6.93,0
596.94,596.94,1000,2.63,0
716.63,716.63,1000,4.86,0
285.06,285.06,1000,2.63,0
110.45,110.45,1000,7.18,0
190.48,190.48,1000,2.64,0
429.19,429.19,1000,6.93,0
94.37,94.37,1000,2.63,0
508.25,508.25,1000,7.89,0
727.99,727.99,1000,2.62,0
714.5,714.5,1000,7.25,0
509.11,509.11,1000,2.63,0
190.43,190.43,1000,5.95,0
739.61,739.61,1000,2.62,0
796.89,796.89,1000,13.15,0
809.85,809.85,1000,2.64,0
470.43,470.43,1000,5.5,0
812.85,812.85,1000,2.65,0
775.19,775.19,1000,4.55,0
771.91,771.91,1000,2.63,0
802.67,802.67,1000,4.52,0
840.53,840.53,1000,2.63,0
802.97,802.97,1000,12.14,0
387.69,387.69,1000,2.64,0
555.62,555.62,1000,7.99,0
941.08,941.08,1000,2.62,0
567.19,567.19,1000,5.89,0
754.41,754.41,1000,2.62,0
870.91,870.91,1000,11.08,0
547.1,547.1,1000,2.63,0
833.83,833.83,1000,7.35,0
678.59,678.59,1000,2.65,0
-0.14,-0.14,1000,6.49,0
419.51,419.51,1000,2.64,0
161.27,161.27,1000,2.66,0
-28.19,-28.19,1000,7.29,0
385.1,385.1,1000,2.62,0
183.05,183.05,1000,4.86,0
967.98,967.98,1000,2.63,0
860.23,860.23,1000,4.63,0
981.7,981.7,1000,2.63,0
233.07,233.07,1000,6.45,0
388.43,388.43,1000,2.64,0
164.1,164.1,1000,4.59,0
364.07,364.07,1000,2.65,0
886.76,886.76,1000,5.78,0
107.43,107.43,1000,2.63,0
1018.72,1018.72,1000,12.18,0
506.01,506.01,1000,2.66,0
-55.12,-55.12,1000,4.57,0
826.14,826.14,1000,2.62,0
985.8,985.8,1000,5.07,0
414.0,414.0,1000,2.63,0
664.78,664.78,1000,5.36,0
554.31,554.31,1000,2.62,0
988.89,988.89,1000,5.87,0
78.25,78.25,1000,2.63,0
1044.26,1044.26,1000,5.89,0
-62.35,-62.35,1000,2.63,0
934.89,934.89,1000,4.85,0
365.79,365.79,1000,2.65,0
483.29,483.29,1000,6.98,0
571.58,571.58,1000,2.61,0
541.26,541.26,1000,5.89,0
1142.21,1142.21,1000,2.62,0
757.49,757.49,1000,5.94,0
958.15,958.15,1000,2.64,0
180.83,180.83,1000,8.2,0
1173.0,1173.0,1000,2.62,0
694.05,694.05,1000,4.9,0
1164.49,1164.49,1000,2.63,0
285.38,285.38,1000,7.76,0
1088.9,1088.9,1000,2.65,0
462.92,462.92,1000,6.49,0
1183.34,1183.34,1000,2.62,0
396.48,396.48,1000,8.24,0
265.58,265.58,1000,2.64,0
1068.61,1068.61,1000,2.62,0
1263.62,1263.62,1000,7.44,0
952.53,952.53,1000,2.63,0
30.2,30.2,1000,4.92,0
1141.33,1141.33,1000,2.63,0
1341.0,1341.0,1000,4.84,0
1158.98,1158.98,1000,2.64,0
1220.81,1220.81,1000,4.87,0
1214.37,1214.37,1000,2.64,0
1093.17,1093.17,1000,4.92,0
590.35,590.35,1000,2.62,0
359.74,250.45,1000,6.33,1
1187.83,1187.83,1000,2.63,0
547.83,547.83,1000,6.62,0
1180.86,1180.86,1000,2.63,0
1222.84,1222.84,1000,3.84,0
1305.44,1305.44,1000,2.63,0
1251.17,1251.17,1000,5.44,0
1269.86,1269.86,1000,2.62,0
1275.86,1275.86,1000,4.9,0
1462.4,1462.4,1000,2.62,0
1425.45,1425.45,1000,5.2,0
862.55,862.55,1000,2.63,0
-21.08,-21.08,1000,6.49,0
918.9,918.9,1000,2.61,0
1393.15,1393.15,1000,4.56,0
1322.85,1322.85,1000,2.64,0
1063.61,1063.61,1000,6.61,0
1112.69,1112.69,1000,2.63,0
892.06,892.06,1000,9.81,0
1445.95,1445.95,1000,2.61,0
1406.57,1406.57,1000,4.55,0
1366.46,1366.46,1000,2.62,0
1494.61,1494.61,1000,4.9,0
523.45,523.45,1000,2.61,0
1454.64,1454.64,1000,5.24,0
353.69,353.69,1000,2.63,0
1512.58,1512.58,1000,4.56,0
1046.91,1046.91,1000,2.61,0
1435.51,1435.51,1000,4.55,0
633.77,633.77,1000,2.64,0
1394.47,1394.47,1000,6.99,0
788.81,788.81,1000,2.63,0
1385.45,1385.45,1000,2.62,0
1582.66,1582.66,1000,6.94,0
-66.09,-66.09,1000,2.65,0
1568.22,1568.22,1000,4.61,0
1427.61,1427.61,1000,2.63,0
1412.37,1412.37,1000,3.88,0
1514.63,1514.63,1000,2.61,0
1421.08,1421.08,1000,4.85,0
728.61,728.61,1000,2.62,0
706.09,706.09,1000,3.6,0
1551.04,1551.04,1000,2.63,0
1317.03,1317.03,1000,3.81,0
781.97,781.97,1000,2.63,0
1625.89,1625.89,1000,4.63,0
844.43,844.43,1000,2.64,0
1502.26,1502.26,1000,4.58,0
740.35,740.35,1000,2.62,0
1376.25,1376.25,1000,4.88,0
401.8,376.19,1000,2.63,1
743.31,743.31,1000,5.94,0
1757.27,1757.27,1000,2.63,0
1167.84,1167.84,1000,4.54,0
1667.05,1667.05,1000,2.66,0
1468.19,1468.19,1000,4.9,0
1751.31,1751.31,1000,2.62,0
1546.07,1546.07,1000,3.66,0
604.35,604.35,1000,2.62,0
1842.46,1842.46,1000,3.7,0
1423.03,1423.03,1000,2.66,0
552.24,552.24,1000,6.66,0
1366.07,1366.07,1000,2.62,0
715.51,715.51,1000,4.66,0
998.7,998.7,1000,2.69,0
1724.77,1724.77,1000,3.92,0
1767.99,1767.99,1000,2.61,0
1192.9,1192.9,1000,10.27,0
1258.56,1258.56,1000,2.62,0
1255.9,1255.9,1000,3.69,0
885.76,885.76,1000,2.64,0
1704.34,1704.34,1000,4.51,0
1699.71,1699.71,1000,2.62,0
1830.86,1830.86,1000,2.61,0
277.29,277.29,1000,7.66,0
1861.91,1861.91,1000,2.63,0
1877.04,1877.04,1000,3.91,0
630.6,630.6,1000,2.64,0
1853.53,1853.53,1000,4.08,0
1654.3,1654.3,1000,2.61,0
1690.91,1690.91,1000,5.07,0
422.73,422.73,1000,2.63,0
1769.51,1769.51,1000,4.53,0
1793.36,1793.36,1000,2.63,0
1919.64,1919.64,1000,4.08,0
1924.13,1924.13,1000,2.62,0
1722.28,1722.28,1000,6.99,0
1724.2,1724.2,1000,2.63,0
1389.29,1389.29,1000,4.89,0
1066.33,1066.33,1000,2.62,0
1729.58,1729.58,1000,3.61,0
1895.67,1895.67,1000,2.64,0
1657.65,1657.65,1000,7.33,0
1266.7,1266.7,1000,2.63,0
1126.24,1126.24,1000,3.86,0
1672.65,1672.65,1000,2.65,0
594.3,594.3,1000,5.53,0
1880.21,1880.21,1000,2.62,0
1800.24,1800.24,1000,4.89,0
1455.21,1455.21,1000,2.64,0
284.65,284.65,1000,4.91,0
901.93,901.93,1000,2.64,0
1814.72,1814.72,1000,5.9,0
1920.0,1920.0,1000,2.61,0
1359.1,1359.1,1000,6.94,0
1192.95,1192.95,1000,2.64,0
1781.5,1781.5,1000,3.65,0
1944.03,1944.03,1000,2.62,0
1046.26,1046.26,1000,3.84,0
792.01,792.01,1000,2.61,0
1795.78,1795.78,1000,4.47,0
2064.27,2064.27,1000,2.6,0
810.01,810.01,1000,5.14,0
1878.98,1878.98,1000,2.62,0
1864.42,1864.42,1000,4.06,0
2054.29,2054.29,1000,2.6,0
2141.37,2141.37,1000,2.62,0
-108.18,-108.18,1000,4.87,0
1153.35,1153.35,1000,2.62,0
1872.2,1872.2,1000,3.83,0
1879.12,1879.12,1000,2.61,0
1756.03,1756.03,1000,3.61,0
1980.03,1980.03,1000,2.6,0
2015.23,2015.23,1000,3.84,0
1484.18,1484.18,1000,2.62,0
1916.28,1916.28,1000,3.94,0
2093.77,2093.77,1000,2.61,0
1662.41,1662.41,1000,4.6,0
2140.19,2140.19,1000,2.63,0
2078.97,2078.97,1000,4.85,0
509.94,509.94,1000,2.65,0
1951.03,1951.03,1000,3.69,0
1596.51,1596.51,1000,2.63,0
2218.24,2218.24,1000,4.89,0
1819.41,1819.41,1000,2.65,0
1577.67,1577.67,1000,5.86,0
384.18,384.18,1000,2.63,0
1466.94,1466.94,1000,4.84,0
2031.87,2031.87,1000,2.63,0
1539.79,1539.79,1000,3.86,0
2169.78,2169.78,1000,2.63,0
2147.41,2147.41,1000,3.93,0
2030.28,2030.28,1000,2.62,0
1060.73,1060.73,1000,3.62,0
1491.23,1491.23,1000,2.66,0
1476.32,1476.32,1000,6.97,0
1958.56,1958.56,1000,2.61,0
1280.3,1280.3,1000,5.23,0
2204.09,2204.09,1000,2.63,0
1946.36,1946.36,1000,3.68,0
2276.73,2276.73,1000,2.61,0
2238.84,2238.84,1000,3.86,0
934.28,934.28,1000,2.61,0
1332.95,1332.95,1000,3.87,0
731.93,731.93,1000,2.63,0
482.22,482.22,1000,3.8,0
2060.6,2060.6,1000,2.64,0
2077.53,2077.53,1000,3.64,0
1892.28,1892.28,1000,2.62,0
512.42,512.42,1000,2.64,0
1676.54,1676.54,1000,5.02,0
2121.19,2121.19,1000,2.62,0
2228.17,2228.17,1000,3.92,0
1536.5,1536.5,1000,2.62,0
2205.8,2205.8,1000,5.45,0
2099.68,2099.68,1000,2.63,0
621.06,621.06,1000,4.95,0
2193.83,2193.83,1000,2.6,0
1997.71,1997.71,1000,3.7,0
2246.6,2246.6,1000,2.61,0
1930.23,1930.23,1000,4.07,0
2042.83,2042.83,1000,2.62,0
2278.06,2278.06,1000,3.85,0
2315.64,2315.64,1000,2.6,0
2010.31,2010.31,1000,4.85,0
2144.58,2144.58,1000,2.62,0
1570.32,1570.32,1000,3.84,0
2174.1,2174.1,1000,2.62,0
1426.77,1426.77,1000,5.91,0
1731.54,1731.54,1000,2.65,0
2265.29,2265.29,1000,3.68,0
1906.8,1906.8,1000,2.62,0
2088.19,2088.19,1000,4.89,0
2081.51,2081.51,1000,2.64,0
2067.12,2067.12,1000,4.58,0
1999.26,1999.26,1000,2.64,0
2090.51,2090.51,1000,3.7,0
-106.91,-106.91,1000,2.64,0
1743.17,1743.17,1000,5.34,0
2377.18,2377.18,1000,2.61,0
2223.34,2223.34,1000,3.87,0
2134.14,2134.14,1000,2.62,0
2483.77,2483.77,1000,3.84,0
1435.32,1435.32,1000,2.66,0
2126.98,2126.98,1000,3.83,0
2182.0,2182.0,1000,2.63,0
2524.27,2524.27,1000,7.0,0
2365.15,2365.15,1000,2.63,0
2236.13,2236.13,1000,4.57,0
2415.45,2415.45,1000,2.62,0
1077.96,1077.96,1000,5.47,0
2214.0,2214.0,1000,2.62,0
1673.26,1673.26,1000,2.63,0
2095.89,2095.89,1000,5.2,0
2071.64,2071.64,1000,2.61,0
1543.13,1543.13,1000,3.9,0
2418.31,2418.31,1000,2.61,0
2405.74,2405.74,1000,5.36,0
2268.56,2268.56,1000,2.64,0
2171.56,2171.56,1000,5.22,0
355.05,355.05,1000,2.65,0
2379.97,2379.97,1000,3.65,0
2540.16,2540.16,1000,2.62,0
2447.61,2447.61,1000,3.92,0
2516.74,2516.74,1000,2.62,0
2623.18,2623.18,1000,4.01,0
2224.77,2224.77,1000,2.65,0
2467.02,2467.02,1000,4.52,0
2450.91,2450.91,1000,8.75,0
2427.55,2427.55,1000,3.83,0
2514.63,2514.63,1000,2.63,0
779.65,779.65,1000,4.9,0
2171.22,2171.22,1000,2.63,0
2538.89,2538.89,1000,3.81,0
2714.36,2714.36,1000,2.62,0
2154.96,2154.96,1000,6.4,0
1245.74,1245.74,1000,2.65,0
2543.38,2543.38,1000,3.85,0
2477.42,2477.42,1000,2.61,0
2649.91,2649.91,1000,3.91,0
192.2,192.2,1000,2.61,0
2614.71,2614.71,1000,4.89,0
2515.93,2515.93,1000,2.62,0
2813.15,2813.15,1000,3.8,0
2516.83,2516.83,1000,2.62,0
2454.82,2454.82,1000,4.54,0
982.99,982.99,1000,2.64,0
2776.4,2776.4,1000,3.85,0
1688.91,1688.91,1000,2.63,0
2676.22,2676.22,1000,4.83,0
2771.04,2771.04,1000,2.63,0
2521.32,2521.32,1000,3.56,0
2816.61,2816.61,1000,2.63,0
1685.2,1685.2,1000,3.59,0
2642.17,2642.17,1000,2.62,0
2320.77,2320.77,1000,2.6,0
543.38,543.38,1000,5.19,0
965.89,965.89,1000,2.63,0
714.34,714.34,1000,3.85,0
2593.69,2593.69,1000,2.63,0
2560.6,2560.6,1000,4.84,0
2379.5,2379.5,1000,2.63,0
2239.4,2239.4,1000,3.85,0
1367.57,1367.57,1000,2.63,0
2130.07,2130.07,1000,4.56,0
2223.88,2223.88,1000,2.63,0
2756.99,2756.99,1000,3.88,0
2866.51,2866.51,1000,2.64,0
2542.65,2542.65,1000,4.92,0
2888.08,2888.08,1000,2.66,0
1274.02,1274.02,1000,3.8,0
2395.1,2395.1,1000,2.62,0
2238.81,2238.81,1000,3.67,0
500.29,500.29,1000,2.62,0
2440.76,2440.76,1000,4.91,0
2596.64,2596.64,1000,2.61,0
2940.55,2940.55,1000,4.54,0
1897.89,1897.89,1000,2.61,0
3032.58,3032.58,1000,4.9,0
2470.5,2470.5,1000,2.62,0
550.86,550.86,1000,4.9,0
2776.43,2776.43,1000,2.62,0
3015.07,3015.07,1000,3.86,0
2853.91,2853.91,1000,2.6,0
923.73,923.73,1000,3.8,0
83.65,83.65,1000,2.63,0
2864.27,2864.27,1000,3.79,0
2661.8,2661.8,1000,2.67,0
2813.04,2813.04,1000,3.87,0
2052.06,2052.06,1000,2.79,0
2520.57,2520.57,1000,4.04,0
2950.43,2950.43,1000,2.61,0
2744.85,2744.85,1000,4.08,0
2691.19,2691.19,1000,2.62,0
1527.86,1527.86,1000,5.36,0
2867.02,2867.02,1000,2.65,0
1475.03,1475.03,1000,4.61,0
2810.01,2810.01,1000,2.61,0
2763.22,2763.22,1000,2.62,0
253.31,253.31,1000,4.81,0
2913.39,2913.39,1000,2.61,0
2790.51,2790.51,1000,4.86,0
570.79,570.79,1000,2.66,0
103.72,103.72,1000,3.7,0
2814.62,2814.62,1000,2.62,0
673.16,673.16,1000,3.96,0
2920.49,2920.49,1000,2.62,0
2019.55,2019.55,1000,3.89,0
2278.07,2278.07,1000,2.65,0
783.37,783.37,1000,3.81,0
2702.23,2702.23,1000,2.64,0
3025.53,3025.53,1000,3.94,0
2337.74,2337.74,1000,2.64,0
2921.01,2921.01,1000,3.86,0
3382.74,3382.74,1000,2.63,0
2961.91,2961.91,1000,4.58,0
430.68,430.68,1000,2.64,0
2484.75,2484.75,1000,4.08,0
2735.38,2735.38,1000,2.63,0
1929.93,1929.93,1000,3.94,0
2690.17,2690.17,1000,2.61,0
2529.52,2529.52,1000,5.19,0
3038.31,3038.31,1000,2.64,0
2287.44,2287.44,1000,3.64,0
2581.15,2581.15,1000,2.62,0
1838.47,1838.47,1000,4.89,0
3104.64,3104.64,1000,2.62,0
1199.25,1199.25,1000,3.68,0
3095.45,3095.45,1000,2.67,0
2960.11,2960.11,1000,4.01,0
2856.62,2856.62,1000,2.63,0
1504.7,1504.7,1000,3.82,0
966.07,966.07,1000,2.63,0
3123.66,3123.66,1000,3.85,0
884.99,884.99,1000,2.61,0
2743.96,2743.96,1000,4.05,0
1741.85,1741.85,1000,2.63,0
2315.74,2315.74,1000,3.68,0
2800.28,2800.28,1000,2.63,0
2781.27,2781.27,1000,2.61,0
2981.07,2981.07,1000,3.7,0
1223.89,1223.89,1000,2.63,0
2277.39,2277.39,1000,5.43,0
2743.16,2743.16,1000,2.63,0
3033.29,3033.29,1000,4.53,0
2933.25,2933.25,1000,2.63,0
3011.79,3011.79,1000,3.69,0
3216.97,3216.97,1000,2.6,0
1583.08,1583.08,1000,3.67,0
2981.29,2981.29,1000,2.63,0
3194.76,3194.76,1000,3.86,0
707.99,707.99,1000,2.66,0
1393.51,1393.51,1000,3.67,0
1818.44,1818.44,1000,2.61,0
3002.41,3002.41,1000,3.85,0
3106.18,3106.18,1000,2.61,0
3112.96,3112.96,1000,3.66,0
2918.34,2918.34,1000,2.61,0
1561.88,1561.88,1000,3.84,0
2990.33,2990.33,1000,2.62,0
1635.56,1635.56,1000,3.83,0
890.9,890.9,1000,2.63,0
3010.21,3010.21,1000,3.85,0
2977.71,2977.71,1000,2.62,0
2395.48,2395.48,1000,4.55,0
1827.15,1827.15,1000,2.6,0
2797.4,2797.4,1000,3.8,0
1288.57,1288.57,1000,2.61,0
3039.69,3039.69,1000,4.08,0
2891.29,2891.29,1000,2.62,0
2691.61,2691.61,1000,4.56,0
1639.56,1639.56,1000,2.61,0
2745.54,2745.54,1000,4.83,0
3159.53,3159.53,1000,2.61,0
2680.53,2680.53,1000,4.59,0
2781.28,2781.28,1000,2.61,0
2411.82,2411.82,1000,4.88,0
3203.02,3203.02,1000,2.61,0
3181.39,3181.39,1000,4.87,0
3322.0,3322.0,1000,2.61,0
2099.39,2099.39,1000,4.06,0
2784.1,2784.1,1000,2.63,0
3345.08,3345.08,1000,2.63,0
2868.55,2868.55,1000,5.46,0
1905.98,1905.98,1000,2.62,0
1191.34,1191.34,1000,3.84,0
2929.11,2929.11,1000,2.63,0
3169.74,3169.74,1000,3.84,0
2673.23,2673.23,1000,2.63,0
1258.44,1258.44,1000,3.81,0
1071.53,1071.53,1000,2.62,0
2126.68,2126.68,1000,3.85,0
3205.19,3205.19,1000,2.63,0
2695.07,2695.07,1000,3.93,0
2587.75,2587.75,1000,2.61,0
3064.07,3064.07,1000,4.57,0
3121.87,3121.87,1000,2.64,0
2949.79,2949.79,1000,4.04,0
3167.65,3167.65,1000,2.63,0
3490.57,3490.57,1000,4.85,0
2982.6,2982.6,1000,2.62,0
434.9,434.9,1000,4.91,0
2935.67,2935.67,1000,2.62,0
2862.08,2862.08,1000,3.67,0
2923.38,2923.38,1000,2.62,0
2833.53,2833.53,1000,3.92,0
3219.04,3219.04,1000,2.6,0
3148.68,3148.68,1000,3.67,0
2854.23,2854.23,1000,2.63,0
1616.32,1616.32,1000,3.8,0
3144.09,3144.09,1000,2.61,0
3025.43,3025.43,1000,3.84,0
2728.67,2728.67,1000,2.62,0
3193.57,3193.57,1000,6.12,0
2839.65,2839.65,1000,2.61,0
1716.38,1716.38,1000,4.07,0
2323.58,2323.58,1000,2.62,0
3329.84,3329.84,1000,3.66,0
3313.4,3313.4,1000,2.62,0
3391.44,3391.44,1000,3.64,0
3037.94,3037.94,1000,2.61,0
3226.33,3226.33,1000,3.8,0
3441.69,3441.69,1000,2.61,0
3178.03,3178.03,1000,3.8,0
3071.2,3071.2,1000,2.62,0
3206.62,3206.62,1000,2.6,0
1756.61,1756.61,1000,5.19,0
3219.71,3219.71,1000,2.63,0
1486.87,1486.87,1000,10.15,0
1515.53,1515.53,1000,2.62,0
3117.31,3117.31,1000,3.66,0
3042.28,3042.28,1000,2.61,0
3097.73,3097.73,1000,3.85,0
2437.47,2437.47,1000,2.61,0
1654.71,1654.71,1000,3.82,0
1414.65,1414.65,1000,2.62,0
1812.88,1812.88,1000,3.85,0
2899.73,2899.73,1000,2.61,0
3146.68,3146.68,1000,3.66,0
1689.94,1689.94,1000,2.6,0
1382.22,1382.22,1000,3.59,0
2891.4,2891.4,1000,2.61,0
3130.96,3130.96,1000,4.07,0
3029.2,3029.2,1000,2.62,0
3023.77,3023.77,1000,3.7,0
2046.77,2046.77,1000,2.62,0
2282.59,2282.59,1000,3.65,0
2047.21,2047.21,1000,2.63,0
3406.61,3406.61,1000,3.67,0
3181.65,3181.65,1000,2.62,0
3111.12,3111.12,1000,3.67,0
3273.29,3273.29,1000,2.63,0
1798.39,1798.39,1000,4.06,0
2989.23,2989.23,1000,2.62,0
2897.28,2897.28,1000,3.63,0
2264.41,2264.41,1000,2.62,0
3233.22,3233.22,1000,3.86,0
3159.0,3159.0,1000,2.63,0
3095.51,3095.51,1000,4.88,0
3534.37,3534.37,1000,2.61,0
3473.52,3473.52,1000,3.6,0
1941.48,1941.48,1000,2.63,0
1951.9,1951.9,1000,3.93,0
3183.79,3183.79,1000,2.62,0
3340.15,3340.15,1000,4.89,0
2875.14,2875.14,1000,2.65,0
2802.1,2802.1,1000,3.81,0
3489.46,3489.46,1000,2.62,0
750.98,750.98,1000,2.66,0
2514.37,2514.37,1000,3.87,0
2150.46,2150.46,1000,2.62,0
2951.17,2951.17,1000,3.85,0
3478.32,3478.32,1000,2.62,0
3458.19,3458.19,1000,4.62,0
3374.84,3374.84,1000,2.62,0
2711.73,2711.73,1000,4.61,0
3556.51,3556.51,1000,2.63,0
3641.11,3641.11,1000,3.69,0
3209.81,3209.81,1000,2.63,0
1852.11,1852.11,1000,5.35,0
1919.54,1919.54,1000,2.59,0
3097.01,3097.01,1000,3.66,0
1902.77,1902.77,1000,2.64,0
3287.91,3287.91,1000,4.06,0
3233.63,3233.63,1000,2.62,0
980.91,980.91,1000,3.86,0
3335.69,3335.69,1000,2.61,0
2434.6,2434.6,1000,3.8,0
2974.23,2974.23,1000,2.6,0
3360.44,3360.44,1000,3.64,0
2731.82,2731.82,1000,2.61,0
3723.0,3723.0,1000,3.92,0
2657.44,2657.44,1000,2.63,0
3139.89,3139.89,1000,3.67,0
3288.37,3288.37,1000,2.65,0
2466.1,2466.1,1000,3.86,0
1452.02,1452.02,1000,2.62,0
3246.16,3246.16,1000,4.08,0
3438.97,3438.97,1000,2.6,0
2564.21,2564.21,1000,4.66,0
2359.59,2359.59,1000,2.61,0
3409.65,3409.65,1000,3.7,0
3610.32,3610.32,1000,2.62,0
3703.94,3703.94,1000,3.81,0
1871.36,1871.36,1000,2.62,0
2741.42,2741.42,1000,3.57,0
3179.61,3179.61,1000,2.61,0
2481.44,2481.44,1000,3.67,0
2767.2,2767.2,1000,2.62,0
2904.65,2904.65,1000,3.61,0
1478.32,1478.32,1000,2.62,0
3448.12,3448.12,1000,2.63,0
3512.45,3512.45,1000,3.72,0
2980.85,2980.85,1000,2.62,0
3333.85,3333.85,1000,3.82,0
3262.46,3262.46,1000,2.63,0
3471.02,3471.02,1000,4.61,0
3454.27,3454.27,1000,2.61,0
3430.6,3430.6,1000,3.78,0
2759.17,2759.17,1000,2.62,0
2310.72,2310.72,1000,3.85,0
3586.11,3586.11,1000,2.61,0
2769.71,2769.71,1000,3.69,0
3373.51,3373.51,1000,2.61,0
3624.43,3624.43,1000,4.06,0
2667.43,2667.43,1000,2.61,0
3552.73,3552.73,1000,3.62,0
2914.16,2914.16,1000,2.61,0
3738.1,3738.1,1000,3.88,0
2270.25,2270.25,1000,2.64,0
3403.58,3403.58,1000,4.07,0
3574.68,3574.68,1000,2.63,0
2505.27,2505.27,1000,3.84,0
3595.37,3595.37,1000,2.62,0
1717.7,1717.7,1000,3.82,0
3220.16,3220.16,1000,2.62,0
2745.92,2745.92,1000,3.69,0
2827.82,2827.82,1000,2.61,0
2837.23,2837.23,1000,3.66,0
3599.94,3599.94,1000,2.61,0
3775.35,3775.35,1000,3.62,0
3674.43,3674.43,1000,2.62,0
3406.5,3406.5,1000,3.99,0
1985.63,1985.63,1000,2.64,0
3517.04,3517.04,1000,3.85,0
2032.06,2032.06,1000,2.62,0
3565.55,3565.55,1000,3.82,0
3555.45,3555.45,1000,2.6,0
2260.94,2260.94,1000,4.86,0
3368.26,3368.26,1000,2.61,0
3701.19,3701.19,1000,3.82,0
3434.61,3434.61,1000,2.6,0
512.48,512.48,1000,3.87,0
2738.24,2738.24,1000,2.62,0
3321.7,3321.7,1000,2.61,0
2877.63,2877.63,1000,4.54,0
3673.07,3673.07,1000,2.64,0
611.06,611.06,1000,4.08,0
3543.86,3543.86,1000,2.62,0
3753.72,3753.72,1000,3.82,0
3403.54,3403.54,1000,2.61,0
295.31,295.31,1000,3.66,0
3519.71,3519.71,1000,2.61,0
3607.41,3607.41,1000,3.82,0
3677.31,3677.31,1000,2.6,0
1007.77,1007.77,1000,3.75,0
4038.99,4038.99,1000,2.59,0
2799.73,2799.73,1000,3.66,0
3385.52,3385.52,1000,2.6,0
3844.88,3844.88,1000,3.86,0
3164.74,3164.74,1000,2.62,0
2487.41,2487.41,1000,3.67,0
822.29,822.29,1000,2.59,0
2978.77,2978.77,1000,3.78,0
3318.29,3318.29,1000,2.62,0
757.27,757.27,1000,3.65,0
3482.55,3482.55,1000,2.6,0
4038.29,4038.29,1000,3.78,0
1573.38,1573.38,1000,2.6,0
3507.06,3507.06,1000,5.92,0
4126.38,4126.38,1000,2.6,0
2825.07,2825.07,1000,3.81,0
2810.74,2810.74,1000,2.6,0
3097.86,3097.86,1000,3.8,0
3471.47,3471.47,1000,2.62,0
3670.76,3670.76,1000,3.67,0
3267.31,3267.31,1000,2.61,0
3356.57,3356.57,1000,4.06,0
3367.53,3367.53,1000,2.6,0
308.87,308.87,1000,4.07,0
2289.26,2289.26,1000,2.6,0
2494.01,2494.01,1000,3.83,0
3397.48,3397.48,1000,2.61,0
4138.58,4138.58,1000,4.05,0
2243.48,2243.48,1000,2.62,0
2521.14,2521.14,1000,2.6,0
1602.88,1602.88,1000,3.6,0
3485.39,3485.39,1000,2.62,0
3132.26,3132.26,1000,4.6,0
636.3,636.3,1000,2.64,0
2902.77,2902.77,1000,3.77,0
3597.93,3597.93,1000,2.62,0
2203.7,2203.7,1000,4.06,0
2680.74,2680.74,1000,2.6,0
3034.04,3034.04,1000,3.83,0
3654.8,3654.8,1000,2.61,0
3835.58,3835.58,1000,3.8,0
3144.58,3144.58,1000,2.59,0
1528.76,1528.76,1000,3.74,0
3995.86,3995.86,1000,2.6,0
3948.82,3948.82,1000,3.82,0
3728.29,3728.29,1000,2.62,0
3313.7,3313.7,1000,3.81,0
3998.13,3998.13,1000,2.6,0
3857.09,3857.09,1000,4.85,0
3023.35,3023.35,1000,2.6,0
2549.15,2549.15,1000,3.81,0
3823.7,3823.7,1000,2.59,0
359.87,359.87,1000,3.84,0
2388.46,2388.46,1000,2.6,0
3916.43,3916.43,1000,3.84,0
1861.2,1861.2,1000,2.59,0
44.96,59.1,1000,3.8,1
1947.44,1947.44,1000,2.6,0
3216.06,3216.06,1000,3.69,0
2891.91,2891.91,1000,2.59,0
3379.17,3379.17,1000,3.83,0
3960.5,3960.5,1000,2.61,0
3012.25,3012.25,1000,9.3,0
3277.57,3277.57,1000,2.6,0
3311.77,3311.77,1000,3.71,0
3929.48,3929.48,1000,2.61,0
2750.85,2750.85,1000,3.63,0
3523.27,3523.27,1000,2.6,0
3615.19,3615.19,1000,3.84,0
3755.71,3755.71,1000,2.6,0
4007.35,4007.35,1000,3.67,0
2074.34,2074.34,1000,2.61,0
2780.22,2780.22,1000,2.59,0
3586.92,3586.92,1000,3.83,0
3627.95,3627.95,1000,2.61,0
3963.83,3963.83,1000,3.82,0
1692.37,1692.37,1000,2.61,0
3457.33,3457.33,1000,3.9,0
3173.3,3173.3,1000,2.72,0
2572.6,2572.6,1000,4.15,0
3523.56,3523.56,1000,2.75,0
3612.62,3612.62,1000,3.84,0
3875.07,3875.07,1000,2.74,0
3729.76,3729.76,1000,3.98,0
3920.8,3920.8,1000,2.75,0
3798.67,3798.67,1000,3.92,0
3627.57,3627.57,1000,2.71,0
3930.34,3930.34,1000,3.93,0
3874.06,3874.06,1000,2.74,0
3914.22,3914.22,1000,3.91,0
3692.55,3692.55,1000,2.75,0
2918.94,2918.94,1000,4.03,0
3655.95,3655.95,1000,2.74,0
3607.99,3607.99,1000,4.15,0
3958.29,3958.29,1000,2.73,0
3804.23,3804.23,1000,3.95,0
3553.32,3553.32,1000,2.72,0
3801.66,3801.66,1000,3.72,0
3334.46,3334.46,1000,2.7,0
3944.91,3944.91,1000,3.79,0
2422.73,2422.73,1000,2.73,0
3642.56,3642.56,1000,3.95,0
3757.4,3757.4,1000,2.75,0
4129.88,4129.88,1000,3.67,0
3979.92,3979.92,1000,2.73,0
2970.74,2970.74,1000,3.96,0
3922.65,3922.65,1000,2.73,0
2283.69,2283.69,1000,4.97,0
3191.54,3191.54,1000,2.72,0
3889.49,3889.49,1000,4.05,0
3113.06,3113.06,1000,2.72,0
3661.34,3661.34,1000,3.95,0
3987.49,3987.49,1000,2.72,0
3852.6,3852.6,1000,3.95,0
3937.78,3937.78,1000,2.73,0
2179.8,2179.8,1000,2.75,0
3835.78,3835.78,1000,3.97,0
945.23,945.23,1000,2.73,0
2764.88,2764.88,1000,3.75,0
2825.92,2825.92,1000,2.69,0
2755.73,2755.73,1000,3.7,0
3157.39,3157.39,1000,2.65,0
3973.84,3973.84,1000,3.82,0
3796.46,3796.46,1000,2.61,0
2838.28,2838.28,1000,3.84,0
3581.87,3581.87,1000,2.62,0
3283.82,3283.82,1000,3.57,0
3956.36,3956.36,1000,2.6,0
3801.56,3801.56,1000,3.85,0
3760.95,3760.95,1000,2.63,0
3919.5,3919.5,1000,3.85,0
331.45,331.45,1000,2.66,0
3534.32,3534.32,1000,3.82,0
3704.58,3704.58,1000,2.62,0
3285.79,3285.79,1000,3.56,0
3272.64,3272.64,1000,2.61,0
3757.91,3757.91,1000,3.82,0
2855.02,2855.02,1000,2.62,0
2106.1,2106.1,1000,3.84,0
2778.27,2778.27,1000,2.62,0
3317.67,3317.67,1000,3.59,0
3467.9,3467.9,1000,2.63,0
2295.29,2295.29,1000,3.83,0
3424.64,3424.64,1000,2.63,0
3210.83,3210.83,1000,3.58,0
3643.9,3643.9,1000,2.61,0
1880.13,1880.13,1000,3.66,0
3778.19,3778.19,1000,2.61,0
1297.45,1297.45,1000,3.93,0
3291.65,3291.65,1000,2.63,0
848.66,848.66,1000,3.96,0
3203.45,3203.45,1000,2.64,0
3780.6,3780.6,1000,3.75,0
1408.17,1408.17,1000,2.63,0
3632.79,3632.79,1000,4.07,0
2232.22,2232.22,1000,2.61,0
2703.92,2703.92,1000,4.08,0
3841.46,3841.46,1000,2.62,0
3042.4,3042.4,1000,2.62,0
207.84,207.84,1000,3.71,0
3190.05,3190.05,1000,2.6,0
1794.03,1794.03,1000,3.71,0
3165.18,3165.18,1000,2.65,0
3825.13,3825.13,1000,3.73,0
3088.7,3088.7,1000,2.66,0
2177.35,2177.35,1000,3.62,0
3704.07,3704.07,1000,2.64,0
684.92,684.92,1000,4.13,0
2557.68,2557.68,1000,2.67,0
4068.54,4068.54,1000,3.85,0
3357.52,3357.52,1000,2.66,0
3644.59,3644.59,1000,3.96,0
2846.46,2846.46,1000,2.65,0
3573.43,3573.43,1000,4.09,0
3845.57,3845.57,1000,2.65,0
3929.57,3929.57,1000,3.95,0
521.4,521.4,1000,2.65,0
1968.71,1968.71,1000,3.65,0
4087.42,4087.42,1000,2.65,0
3482.47,3482.47,1000,3.87,0
3156.74,3156.74,1000,2.65,0
3877.51,3877.51,1000,3.72,0
3521.01,3521.01,1000,2.65,0
2396.01,2396.01,1000,3.67,0
2473.73,2473.73,1000,2.65,0
2166.17,2166.17,1000,4.13,0
491.25,491.25,1000,2.69,0
3352.14,3352.14,1000,3.88,0
1776.35,1776.35,1000,2.64,0
2483.97,2483.97,1000,3.69,0
3826.09,3826.09,1000,2.65,0
3280.41,3280.41,1000,3.74,0
3940.44,3940.44,1000,2.65,0
4148.03,4148.03,1000,3.71,0
3034.4,3034.4,1000,2.66,0
3921.47,3921.47,1000,3.73,0
2392.93,2392.93,1000,2.65,0
1961.26,1961.26,1000,3.88,0
3483.97,3483.97,1000,2.66,0
2815.31,2815.31,1000,3.87,0
3788.09,3788.09,1000,2.67,0
3261.4,3261.4,1000,2.67,0
3645.07,3645.07,1000,3.93,0
2634.55,2634.55,1000,2.65,0
314.38,314.38,1000,4.64,0
3790.4,3790.4,1000,2.66,0
3097.54,3097.54,1000,3.94,0
3699.36,3699.36,1000,2.63,0
2238.67,2238.67,1000,3.66,0
1724.2,1724.2,1000,2.63,0
3690.89,3690.89,1000,3.84,0
3763.23,3763.23,1000,2.62,0
1790.05,1790.05,1000,4.08,0
1251.46,1251.46,1000,2.64,0
2587.4,2587.4,1000,3.81,0
3443.07,3443.07,1000,2.63,0
2014.01,2014.01,1000,5.24,0
1353.11,1353.11,1000,2.64,0
3426.39,3426.39,1000,3.97,0
2721.68,2721.68,1000,2.64,0
1810.66,1810.66,1000,3.62,0
1096.99,1096.99,1000,2.64,0
2845.36,2845.36,1000,4.07,0
4029.17,4029.17,1000,2.65,0
2991.56,2991.56,1000,3.71,0
4064.01,4064.01,1000,2.62,0
3084.67,3084.67,1000,3.67,0
2181.86,2181.86,1000,2.62,0
3484.2,3484.2,1000,5.22,0
3896.35,3896.35,1000,2.61,0
3954.34,3954.34,1000,3.67,0
3107.15,3107.15,1000,2.63,0
1611.36,1611.36,1000,3.71,0
3791.88,3791.88,1000,2.63,0
3595.78,3595.78,1000,3.66,0
3887.51,3887.51,1000,2.64,0
2681.25,2681.25,1000,4.64,0
2045.94,2045.94,1000,2.63,0
3608.91,3608.91,1000,3.82,0
2458.52,2458.52,1000,2.63,0
2471.74,2471.74,1000,4.08,0
2498.66,2498.66,1000,2.62,0
3246.46,3246.46,1000,3.63,0
4149.84,4149.84,1000,2.62,0
3651.14,3651.14,1000,2.62,0
2669.08,2669.08,1000,3.81,0
3228.4,3228.4,1000,2.61,0
4018.73,4018.73,1000,3.84,0
2096.27,2096.27,1000,2.63,0
3955.68,3955.68,1000,3.59,0
3012.5,3012.5,1000,2.67,0
3115.71,3115.71,1000,4.08,0
3789.13,3789.13,1000,2.62,0
2259.84,2259.84,1000,4.07,0
3913.58,3913.58,1000,2.63,0
3178.93,3178.93,1000,4.08,0
3955.91,3955.91,1000,2.61,0
3697.05,3697.05,1000,3.77,0
3774.62,3774.62,1000,2.64,0
2328.76,2328.76,1000,3.8,0
3772.18,3772.18,1000,2.61,0
2314.16,2314.16,1000,3.57,0
3625.7,3625.7,1000,7.88,0
3674.97,3674.97,1000,3.72,0
3115.82,3115.82,1000,2.64,0
3281.16,3281.16,1000,4.23,0
3883.07,3883.07,1000,2.74,0
3921.07,3921.07,1000,3.86,0
4066.67,4066.67,1000,2.62,0
3069.65,3069.65,1000,3.94,0
3194.3,3194.3,1000,2.63,0
3612.66,3612.66,1000,3.68,0
2383.4,2383.4,1000,2.63,0
3905.04,3905.04,1000,3.87,0
3743.37,3743.37,1000,2.62,0
3740.17,3740.17,1000,4.07,0
3935.67,3935.67,1000,2.61,0
750.93,750.93,1000,3.7,0
3590.25,3590.25,1000,2.62,0
3635.17,3635.17,1000,4.07,0
3707.48,3707.48,1000,2.61,0
3718.98,3718.98,1000,4.07,0
2988.91,2988.91,1000,2.62,0
3246.92,3246.92,1000,3.67,0
3138.87,3138.87,1000,2.62,0
3680.5,3680.5,1000,2.64,0
4235.62,4235.62,1000,3.7,0
3615.1,3615.1,1000,2.64,0
3762.27,3762.27,1000,3.82,0
2887.04,2887.04,1000,2.61,0
3687.46,3687.46,1000,3.94,0
3336.06,3336.06,1000,2.63,0
3583.25,3583.25,1000,3.71,0
2217.1,2217.1,1000,2.62,0
563.3,563.3,1000,3.93,0
3148.95,3148.95,1000,2.62,0
2826.77,2826.77,1000,3.86,0
1951.38,1951.38,1000,2.62,0
3354.65,3354.65,1000,3.79,0
2742.16,2742.16,1000,2.62,0
3561.89,3561.89,1000,4.07,0
956.57,956.57,1000,2.65,0
908.67,908.67,1000,3.67,0
678.45,678.45,1000,2.62,0
3457.95,3457.95,1000,3.94,0
3655.33,3655.33,1000,2.62,0
3678.58,3678.58,1000,4.06,0
3944.86,3944.86,1000,2.6,0
3077.16,3077.16,1000,4.05,0
2822.57,2822.57,1000,2.62,0
1020.65,1020.65,1000,3.69,0
3362.92,3362.92,1000,2.63,0
3810.06,3810.06,1000,3.86,0
3298.37,3298.37,1000,2.62,0
4061.93,4061.93,1000,3.81,0
765.33,765.33,1000,2.63,0
3463.42,3463.42,1000,3.8,0
3953.97,3953.97,1000,2.61,0
3416.45,3416.45,1000,4.9,0
3549.71,3549.71,1000,2.61,0
3774.04,3774.04,1000,3.93,0
2426.89,2426.89,1000,2.61,0
3646.18,3646.18,1000,3.69,0
3971.36,3971.36,1000,2.61,0
3676.16,3676.16,1000,3.73,0
3492.54,3492.54,1000,2.61,0
3282.93,3282.93,1000,4.07,0
3134.7,3134.7,1000,2.63,0
1986.33,1986.33,1000,2.63,0
3758.45,3758.45,1000,3.81,0
2716.97,2716.97,1000,2.63,0
3705.22,3705.22,1000,3.85,0
3549.98,3549.98,1000,2.6,0
3659.23,3659.23,1000,3.67,0
2606.12,2606.12,1000,2.61,0
531.58,531.58,1000,3.89,0
2025.32,2025.32,1000,2.62,0
3676.82,3676.82,1000,4.06,0
676.17,676.17,1000,2.62,0
2847.64,2847.64,1000,3.72,0
3732.12,3732.12,1000,2.63,0
4281.0,4281.0,1000,3.81,0
3920.78,3920.78,1000,2.62,0
4057.87,4057.87,1000,3.63,0
4139.76,4139.76,1000,2.63,0
3414.56,3414.56,1000,3.84,0
3072.74,3072.74,1000,2.62,0
4196.64,4196.64,1000,4.07,0
3405.3,3405.3,1000,2.6,0
691.48,691.48,1000,4.08,0
4089.66,4089.66,1000,2.64,0
881.4,881.4,1000,4.1,0
3970.89,3970.89,1000,2.63,0
1939.16,1939.16,1000,3.88,0
3884.11,3884.11,1000,2.61,0
908.98,908.98,1000,3.76,0
3826.01,3826.01,1000,2.62,0
2527.73,2527.73,1000,3.68,0
4646.35,4646.35,1000,2.62,0
4120.35,4120.35,1000,3.82,0
2956.48,2956.48,1000,2.63,0
4161.33,4161.33,1000,3.82,0
3792.12,3792.12,1000,2.63,0
1937.64,1937.64,1000,3.87,0
3733.02,3733.02,1000,2.61,0
4489.77,4489.77,1000,4.06,0
1927.08,1927.08,1000,2.64,0
2496.89,2496.89,1000,4.07,0
3931.3,3931.3,1000,2.63,0
3569.58,3569.58,1000,3.69,0
3593.53,3593.53,1000,2.61,0
3950.32,3950.32,1000,2.62,0
3408.88,3408.88,1000,3.71,0
538.31,538.31,1000,2.62,0
1963.23,1963.23,1000,3.92,0
3839.29,3839.29,1000,2.63,0
1954.59,1954.59,1000,4.08,0
2955.08,2955.08,1000,2.63,0
3826.71,3826.71,1000,3.69,0
3052.39,3052.39,1000,2.62,0
2174.39,2174.39,1000,3.79,0
2467.42,2467.42,1000,2.62,0
1628.04,1628.04,1000,3.64,0
1847.12,1847.12,1000,2.64,0
3356.8,3356.8,1000,3.68,0
3803.01,3803.01,1000,2.62,0
3953.68,3953.68,1000,3.81,0
3201.87,3201.87,1000,2.62,0
1716.88,1716.88,1000,4.09,0
4358.44,4358.44,1000,2.64,0
225.13,225.13,1000,3.88,0
3698.48,3698.48,1000,2.61,0
4395.59,4395.59,1000,3.63,0
3963.67,3963.67,1000,2.61,0
3487.88,3487.88,1000,3.83,0
3358.03,3358.03,1000,2.61,0
4440.76,4440.76,1000,3.58,0
3271.09,3271.09,1000,2.62,0
2730.98,2730.98,1000,3.84,0
4233.85,4233.85,1000,2.61,0
478.45,478.45,1000,3.83,0
3876.72,3876.72,1000,2.63,0
2950.75,2950.75,1000,3.84,0
3414.35,3414.35,1000,2.62,0
4083.07,4083.07,1000,3.83,0
3042.81,3042.81,1000,2.63,0
942.15,942.15,1000,3.81,0
3202.12,3202.12,1000,2.62,0
4155.79,4155.79,1000,3.93,0
4578.09,4578.09,1000,2.63,0
3958.81,3958.81,1000,3.81,0
4106.34,4106.34,1000,2.63,0
4708.83,4708.83,1000,3.84,0
4442.29,4442.29,1000,2.63,0
1816.57,1816.57,1000,2.63,0
1812.29,1812.29,1000,3.93,0
4522.38,4522.38,1000,2.64,0
4007.47,4007.47,1000,3.94,0
511.34,435.34,1000,2.66,1
3658.44,3658.44,1000,3.92,0
2489.21,2489.21,1000,2.76,0
2050.46,2050.46,1000,3.83,0
4128.56,4128.56,1000,2.63,0
2110.44,2110.44,1000,3.84,0
4212.43,4212.43,1000,2.63,0
857.83,857.83,1000,4.07,0
4086.07,4086.07,1000,2.66,0
2769.16,2769.16,1000,3.64,0
3651.39,3651.39,1000,2.61,0
3727.16,3727.16,1000,3.82,0
4182.77,4182.77,1000,2.62,0
4207.47,4207.47,1000,3.67,0
1600.82,1600.82,1000,2.63,0
4655.52,4655.52,1000,4.05,0
3851.09,3851.09,1000,2.63,0
3980.92,3980.92,1000,4.08,0
4745.24,4745.24,1000,2.61,0
4271.1,4271.1,1000,3.67,0
1181.61,1181.61,1000,2.62,0
3073.94,3073.94,1000,3.66,0
3799.94,3799.94,1000,2.61,0
2262.6,2262.6,1000,3.96,0
3753.43,3753.43,1000,2.6,0
3438.66,3438.66,1000,3.68,0
2065.67,2065.67,1000,2.62,0
4362.26,4362.26,1000,3.93,0
2524.97,2524.97,1000,2.62,0
3928.02,3928.02,1000,4.07,0
4661.44,4661.44,1000,2.63,0
4187.32,4187.32,1000,3.85,0
3686.22,3686.22,1000,2.63,0
883.75,883.75,1000,3.81,0
3018.43,3018.43,1000,2.61,0
799.22,799.22,1000,4.85,0
2363.63,2363.63,1000,2.6,0
4126.26,4126.26,1000,3.7,0
4536.12,4536.12,1000,2.6,0
2905.86,2905.86,1000,2.6,0
1675.3,1675.3,1000,3.7,0
2292.97,2292.97,1000,2.61,0
3678.75,3678.75,1000,3.83,0
2830.34,2830.34,1000,2.61,0
4353.82,4353.82,1000,9.24,0
2401.29,2401.29,1000,2.6,0
2742.2,2742.2,1000,3.67,0
3272.72,3272.72,1000,2.62,0
3208.0,3208.0,1000,3.84,0
2541.55,2541.55,1000,2.6,0
4710.83,4710.83,1000,3.65,0
4496.26,4496.26,1000,2.62,0
2696.53,2696.53,1000,3.66,0
2984.28,2984.28,1000,2.63,0
3901.13,3901.13,1000,4.04,0
3648.68,3648.68,1000,2.63,0
2812.48,2812.48,1000,3.83,0
3142.95,3142.95,1000,2.63,0
4014.87,4014.87,1000,3.92,0
2455.34,2455.34,1000,2.61,0
3948.81,3948.81,1000,3.84,0
4481.49,4481.49,1000,2.6,0
2894.04,2894.04,1000,3.8,0
4168.33,4168.33,1000,2.62,0
2480.84,2480.84,1000,3.63,0
2849.13,2849.13,1000,2.64,0
4320.56,4320.56,1000,3.73,0
3288.56,3288.56,1000,2.61,0
3623.26,3623.26,1000,4.08,0
3230.21,3230.21,1000,2.62,0
2763.74,2763.74,1000,3.93,0
3537.61,3537.61,1000,2.61,0
4166.79,4166.79,1000,3.92,0
4348.56,4348.56,1000,2.61,0
4285.47,4285.47,1000,3.81,0
4422.76,4422.76,1000,2.64,0
4513.36,4513.36,1000,3.84,0
3956.52,3956.52,1000,2.62,0
3563.27,3563.27,1000,3.85,0
3533.42,3533.42,1000,2.61,0
3608.21,3608.21,1000,3.84,0
1816.48,1816.48,1000,2.61,0
3621.45,3621.45,1000,2.63,0
4168.32,4168.32,1000,3.78,0
597.84,597.84,1000,2.64,0
1486.22,1486.22,1000,3.81,0
3101.92,3101.92,1000,2.62,0
3554.17,3554.17,1000,3.85,0
3565.7,3565.7,1000,2.62,0
4064.57,4064.57,1000,3.79,0
2810.28,2810.28,1000,2.61,0
765.26,765.26,1000,3.81,0
2233.52,2233.52,1000,2.61,0
3575.15,3575.15,1000,3.68,0
3012.87,3012.87,1000,2.62,0
2353.98,2353.98,1000,3.83,0
4269.55,4269.55,1000,2.62,0
2797.32,2797.32,1000,4.07,0
1988.47,1988.47,1000,2.62,0
4105.72,4105.72,1000,3.65,0
3124.8,3124.8,1000,2.61,0
3991.31,3991.31,1000,3.63,0
4137.89,4137.89,1000,2.62,0
3122.11,3122.11,1000,3.59,0
3848.94,3848.94,1000,2.62,0
2123.44,2123.44,1000,3.7,0
4453.1,4453.1,1000,2.62,0
3948.58,3948.58,1000,3.8,0
3020.79,3020.79,1000,2.62,0
3182.17,3182.17,1000,4.9,0
3258.75,3258.75,1000,2.62,0
4288.84,4288.84,1000,3.58,0
4097.31,4097.31,1000,2.64,0
3334.9,3334.9,1000,3.8,0
4165.58,4165.58,1000,2.61,0
4841.59,4841.59,1000,3.85,0
852.99,852.99,1000,2.63,0
2695.97,2695.97,1000,3.86,0
4389.48,4389.48,1000,2.63,0
4495.8,4495.8,1000,3.84,0
4242.32,4242.32,1000,2.61,0
3352.85,3352.85,1000,3.58,0
3025.69,3025.69,1000,2.63,0
3268.41,3268.41,1000,2.62,0
3829.5,3829.5,1000,3.71,0
4283.78,4283.78,1000,2.62,0
4219.11,4219.11,1000,3.82,0
3632.07,3632.07,1000,2.63,0
4026.47,4026.47,1000,3.84,0
4293.18,4293.18,1000,2.62,0
4374.9,4374.9,1000,3.79,0
4376.4,4376.4,1000,2.62,0
4461.64,4461.64,1000,3.69,0
3600.87,3600.87,1000,2.62,0
3655.73,3655.73,1000,3.94,0
2427.54,2427.54,1000,2.63,0
3822.23,3822.23,1000,3.7,0
4403.13,4403.13,1000,2.62,0
4335.98,4335.98,1000,3.87,0
3782.24,3782.24,1000,2.64,0
4567.38,4567.38,1000,3.86,0
4484.69,4484.69,1000,2.67,0
2718.58,2718.58,1000,3.82,0
1190.36,1190.36,1000,2.62,0
4576.63,4576.63,1000,3.67,0
3234.3,3234.3,1000,2.62,0
4356.71,4356.71,1000,3.61,0
4236.44,4236.44,1000,2.63,0
3526.7,3526.7,1000,3.85,0
2673.73,2673.73,1000,2.62,0
3852.65,3852.65,1000,3.81,0
4168.05,4168.05,1000,2.64,0
3138.55,3138.55,1000,3.85,0
1146.94,1146.94,1000,2.66,0
2699.16,2699.16,1000,3.8,0
3401.38,3401.38,1000,2.63,0
1887.35,1887.35,1000,3.69,0
797.86,797.86,1000,2.63,0
4039.96,4039.96,1000,3.87,0
4038.89,4038.89,1000,2.63,0
673.16,673.16,1000,4.08,0
4194.93,4194.93,1000,2.62,0
4387.68,4387.68,1000,3.86,0
3862.37,3862.37,1000,2.64,0
3323.51,3323.51,1000,3.62,0
4505.03,4505.03,1000,2.62,0
3489.82,3489.82,1000,2.61,0
3001.37,3001.37,1000,3.81,0
4245.1,4245.1,1000,2.61,0
3934.81,3934.81,1000,3.85,0
4279.79,4279.79,1000,2.63,0
4416.91,4416.91,1000,3.83,0
4256.41,4256.41,1000,2.6,0
4061.45,4061.45,1000,3.8,0
3523.26,3523.26,1000,2.62,0
4199.21,4199.21,1000,3.56,0
2193.49,2193.49,1000,2.63,0
3915.65,3915.65,1000,4.07,0
2011.52,2011.52,1000,2.62,0
3831.74,3831.74,1000,3.63,0
4395.01,4395.01,1000,2.61,0
2637.1,2637.1,1000,3.85,0
4681.66,4681.66,1000,2.62,0
3988.64,3988.64,1000,3.69,0
3976.26,3976.26,1000,2.7,0
3228.12,3228.12,1000,3.87,0
3639.47,3639.47,1000,2.63,0
3888.64,3888.64,1000,3.69,0
4005.06,4005.06,1000,2.62,0
4249.39,4249.39,1000,3.84,0
4120.08,4120.08,1000,2.64,0
3562.81,3562.81,1000,3.85,0
3409.7,3409.7,1000,2.62,0
3098.78,3098.78,1000,4.0,0
2847.56,2847.56,1000,2.63,0
4074.09,4074.09,1000,3.77,0
3980.79,3980.79,1000,2.62,0
2373.64,2373.64,1000,3.85,0
2364.54,2364.54,1000,2.65,0
4430.88,4430.88,1000,3.67,0
4098.04,4098.04,1000,2.62,0
3508.61,3508.61,1000,3.7,0
1188.74,1188.74,1000,2.63,0
4195.06,4195.06,1000,4.09,0
4083.51,4083.51,1000,2.62,0
4055.07,4055.07,1000,3.98,0
3111.39,3111.39,1000,2.61,0
3850.58,3850.58,1000,3.7,0
4141.95,4141.95,1000,2.63,0
3678.88,3678.88,1000,2.63,0
3360.59,3360.59,1000,3.65,0
2687.73,2687.73,1000,2.62,0
3933.44,3933.44,1000,3.94,0
4052.82,4052.82,1000,2.65,0
2407.64,2407.64,1000,4.06,0
4050.77,4050.77,1000,2.61,0
3790.76,3790.76,1000,3.84,0
4007.75,4007.75,1000,2.61,0
3498.66,3498.66,1000,3.63,0
2850.88,2850.88,1000,2.61,0
2533.33,2533.33,1000,3.92,0
4248.07,4248.07,1000,2.61,0
4432.89,4432.89,1000,3.87,0
3694.37,3694.37,1000,2.62,0
3327.11,3327.11,1000,3.66,0
2984.08,2984.08,1000,2.63,0
4219.4,4219.4,1000,3.69,0
2161.93,2161.93,1000,2.64,0
2563.32,2563.32,1000,3.71,0
3344.65,3344.65,1000,2.64,0
3224.04,3224.04,1000,3.66,0
4364.76,4364.76,1000,2.62,0
2361.61,2361.61,1000,3.66,0
3043.71,3043.71,1000,2.62,0
3909.64,3909.64,1000,3.7,0
3593.57,3593.57,1000,2.62,0
4227.09,4227.09,1000,3.88,0
3149.89,3149.89,1000,2.62,0
3205.04,3205.04,1000,4.07,0
2874.75,2874.75,1000,2.66,0
2773.01,2773.01,1000,3.94,0
1443.51,1443.51,1000,2.62,0
3623.63,3623.63,1000,3.86,0
4090.74,4090.74,1000,2.62,0
3204.0,3204.0,1000,9.9,0
2834.23,2834.23,1000,2.64,0
3878.01,3878.01,1000,3.84,0
3755.27,3755.27,1000,2.64,0
3385.87,3385.87,1000,3.59,0
3517.04,3517.04,1000,2.62,0
1795.11,1795.11,1000,3.85,0
2782.52,2782.52,1000,2.63,0
3466.71,3466.71,1000,2.64,0
3953.28,3953.28,1000,3.84,0
4548.84,4548.84,1000,2.63,0
4256.95,4256.95,1000,3.81,0
3364.3,3364.3,1000,2.65,0
4222.74,4222.74,1000,3.65,0
1738.82,1738.82,1000,2.64,0
4027.87,4027.87,1000,4.1,0
4408.38,4408.38,1000,2.61,0
3804.22,3804.22,1000,3.68,0
2546.53,2546.53,1000,2.63,0
4144.22,4144.22,1000,3.81,0
4048.83,4048.83,1000,2.61,0
1040.79,1040.79,1000,3.68,0
4251.46,4251.46,1000,2.62,0
3926.71,3926.71,1000,3.85,0
3342.9,3342.9,1000,2.64,0
4424.2,4424.2,1000,4.07,0
3902.06,3902.06,1000,2.63,0
3846.11,3846.11,1000,3.9,0
1399.02,1399.02,1000,2.62,0
3208.61,3208.61,1000,3.84,0
3199.34,3199.34,1000,2.63,0
3795.77,3795.77,1000,3.84,0
2441.65,2441.65,1000,2.62,0
3557.95,3557.95,1000,4.02,0
3336.7,3336.7,1000,2.63,0
4302.42,4302.42,1000,3.7,0
4374.72,4374.72,1000,2.62,0
3745.29,3745.29,1000,3.88,0
3478.25,3478.25,1000,2.62,0
4224.73,4224.73,1000,3.85,0
4119.45,4119.45,1000,2.62,0
4422.65,4422.65,1000,3.58,0
3438.87,3438.87,1000,2.61,0
3562.72,3562.72,1000,3.82,0
4235.91,4235.91,1000,2.62,0
3158.43,3158.43,1000,3.7,0
3897.94,3897.94,1000,2.61,0
4638.56,4638.56,1000,3.71,0
4198.12,4198.12,1000,2.63,0
4234.4,4234.4,1000,3.9,0
2311.49,2311.49,1000,2.63,0
4452.27,4452.27,1000,2.63,0
2194.55,2194.55,1000,4.07,0
4065.9,4065.9,1000,2.62,0
2159.28,2159.28,1000,3.67,0
2512.6,2512.6,1000,2.62,0
3495.08,3495.08,1000,3.87,0
4320.77,4320.77,1000,2.62,0
3956.8,3956.8,1000,3.87,0
2123.9,2123.9,1000,2.59,0
3795.97,3795.97,1000,4.07,0
3463.53,3463.53,1000,2.61,0
4412.63,4412.63,1000,3.76,0
4387.73,4387.73,1000,2.64,0
3759.99,3759.99,1000,4.07,0
3646.56,3646.56,1000,2.62,0
4106.11,4106.11,1000,3.83,0
4036.73,4036.73,1000,2.62,0
3865.57,3865.57,1000,3.86,0
3534.75,3534.75,1000,2.63,0
3619.02,3619.02,1000,3.71,0
2905.91,2905.91,1000,2.62,0
3931.29,3931.29,1000,4.03,0
4269.11,4269.11,1000,2.61,0
1931.78,1931.78,1000,3.86,0
3755.56,3755.56,1000,2.62,0
4157.39,4157.39,1000,3.84,0
2808.86,2808.86,1000,2.64,0
2987.6,2987.6,1000,3.84,0
2971.41,2971.41,1000,2.63,0
3869.99,3869.99,1000,3.8,0
2794.76,2794.76,1000,2.61,0
3674.59,3674.59,1000,3.84,0
3365.35,3365.35,1000,2.62,0
4529.66,4529.66,1000,4.06,0
1551.52,1551.52,1000,2.64,0
3614.39,3614.39,1000,3.64,0
3513.03,3513.03,1000,2.63,0
3869.74,3869.74,1000,3.87,0
3862.73,3862.73,1000,2.61,0
3313.91,3313.91,1000,3.75,0
3002.46,3002.46,1000,2.67,0
4489.36,4489.36,1000,3.8,0
4154.38,4154.38,1000,2.6,0
4365.23,4365.23,1000,2.62,0
3402.39,3402.39,1000,3.64,0
4180.75,4180.75,1000,2.63,0
2387.47,2387.47,1000,3.84,0
4229.11,4229.11,1000,2.62,0
2688.25,2688.25,1000,3.86,0
3913.76,3913.76,1000,2.63,0
4474.06,4474.06,1000,3.8,0
2437.77,2437.77,1000,2.63,0
3951.53,3951.53,1000,3.94,0
2988.99,2988.99,1000,2.63,0
2947.48,2947.48,1000,4.07,0
4291.39,4291.39,1000,2.63,0
2833.24,2833.24,1000,3.93,0
4104.48,4104.48,1000,2.63,0
3923.26,3923.26,1000,3.62,0
2372.61,2372.61,1000,2.6,0
3901.04,3901.04,1000,3.84,0
4487.48,4487.48,1000,2.64,0
4383.07,4383.07,1000,3.84,0
3584.89,3584.89,1000,2.62,0
4507.49,4507.49,1000,3.83,0
4743.56,4743.56,1000,2.62,0
3945.18,3945.18,1000,3.85,0
4455.99,4455.99,1000,2.6,0
2672.06,2672.06,1000,3.85,0
3587.05,3587.05,1000,2.61,0
4307.18,4307.18,1000,3.85,0
4636.69,4636.69,1000,2.62,0
3425.49,3425.49,1000,3.66,0
4453.67,4453.67,1000,2.64,0
4304.98,4304.98,1000,3.8,0
4358.7,4358.7,1000,2.64,0
4003.98,4003.98,1000,3.83,0
4335.07,4335.07,1000,2.6,0
4438.02,4438.02,1000,3.82,0
2207.87,2207.87,1000,2.62,0
4848.11,4848.11,1000,3.85,0
4414.33,4414.33,1000,2.62,0
3625.46,3625.46,1000,3.68,0
4749.3,4749.3,1000,2.62,0
2021.26,2021.26,1000,2.62,0
4153.59,4153.59,1000,3.81,0
4460.21,4460.21,1000,2.63,0
2422.11,2422.11,1000,3.68,0
4568.99,4568.99,1000,2.62,0
3903.29,3903.29,1000,3.58,0
4004.48,4004.48,1000,2.66,0
4529.43,4529.43,1000,3.67,0
3881.95,3881.95,1000,2.62,0
4313.12,4313.12,1000,3.68,0
4661.88,4661.88,1000,2.6,0
3831.07,3831.07,1000,3.8,0
698.86,698.86,1000,2.61,0
4891.46,4891.46,1000,3.78,0
4345.0,4345.0,1000,2.6,0
4533.16,4533.16,1000,3.7,0
3964.66,3964.66,1000,2.63,0
4525.03,4525.03,1000,3.86,0
4765.7,4765.7,1000,2.65,0
4372.23,4372.23,1000,3.9,0
3816.23,3816.23,1000,3.29,0
2714.35,2714.35,1000,4.42,0
3821.22,3821.22,1000,2.87,0
3501.35,3501.35,1000,4.04,0
3216.34,3216.34,1000,3.09,0
3831.28,3831.28,1000,4.29,0
4255.18,4255.18,1000,2.84,0
3967.52,3967.52,1000,3.87,0
3883.54,3883.54,1000,2.65,0
3597.28,3597.28,1000,4.13,0
3844.62,3844.62,1000,2.74,0
4074.68,4074.68,1000,4.12,0
3920.6,3920.6,1000,2.78,0
3088.3,3088.3,1000,4.0,0
3105.28,3105.28,1000,2.72,0
3547.02,3547.02,1000,4.09,0
4075.15,4075.15,1000,2.78,0
3284.68,3284.68,1000,4.22,0
4120.47,4120.47,1000,2.85,0
3308.05,3308.05,1000,4.04,0
4351.43,4351.43,1000,2.75,0
3848.3,3848.3,1000,4.04,0
4089.67,4089.67,1000,2.79,0
4677.31,4677.31,1000,2.65,0
2052.86,2052.86,1000,4.14,0
4200.46,4200.46,1000,2.81,0
4720.51,4720.51,1000,3.95,0
2757.73,2757.73,1000,2.71,0
3409.56,3409.56,1000,3.93,0
4372.19,4372.19,1000,2.68,0
4409.14,4409.14,1000,4.01,0
4192.64,4192.64,1000,2.75,0
1996.66,1996.66,1000,3.9,0
3928.5,3928.5,1000,2.78,0
3722.07,3722.07,1000,3.83,0
4356.88,4356.88,1000,2.81,0
2873.14,2873.14,1000,4.14,0
4181.92,4181.92,1000,2.83,0
4649.01,4649.01,1000,4.25,0
4364.23,4364.23,1000,2.8,0
3830.5,3830.5,1000,4.03,0
2697.13,2697.13,1000,2.88,0
4581.19,4581.19,1000,3.99,0
3909.61,3909.61,1000,2.72,0
3656.8,3656.8,1000,3.9,0
4071.2,4071.2,1000,8.86,0
