#{"t_start": 1650530981.5503979, "env_id": "HCWithPos-v0"}
reward,reward_nc,len,time,constraint
354.65,354.65,1000,3.32,0
305.49,45.9,1000,3.26,1
318.47,63.37,1000,14.52,1
314.98,229.48,1000,3.24,1
353.0,125.11,1000,14.38,1
272.16,272.16,1000,3.24,0
395.89,62.88,1000,14.38,1
345.75,345.75,1000,3.24,0
436.8,333.12,1000,14.94,1
386.58,43.65,1000,3.24,1
446.96,379.98,1000,14.37,1
364.07,167.25,1000,3.25,1
493.69,254.51,1000,14.36,1
410.87,410.87,1000,3.23,0
488.28,190.45,1000,12.1,1
504.37,94.26,1000,3.23,1
553.83,353.33,1000,14.61,1
518.21,224.12,1000,3.24,1
567.88,106.3,1000,14.42,1
574.76,209.96,1000,3.24,1
611.15,209.58,1000,14.44,1
627.36,394.16,1000,3.26,1
637.72,319.9,1000,15.18,1
656.77,405.18,1000,3.25,1
657.1,109.01,1000,15.5,1
685.8,85.67,1000,3.23,1
807.67,94.08,1000,14.31,1
788.31,90.91,1000,3.23,1
822.58,419.5,1000,14.72,1
798.85,108.9,1000,3.23,1
725.06,725.06,1000,14.62,0
843.44,518.35,1000,3.23,1
899.94,576.21,1000,12.1,1
835.05,429.0,1000,3.22,1
869.58,136.94,1000,14.37,1
886.24,436.07,1000,3.23,1
922.0,114.04,1000,15.49,1
956.85,159.8,1000,3.23,1
907.55,73.52,1000,15.48,1
879.55,343.52,1000,3.23,1
936.08,0,1000,3.25,1
950.8,93.83,1000,3.26,1
957.05,869.4,1000,6.66,1
998.44,56.79,1000,3.28,1
992.59,181.45,1000,7.71,1
895.94,895.94,1000,3.27,0
1010.07,334.95,1000,9.94,1
935.06,935.06,1000,3.27,0
974.89,141.77,1000,8.98,1
950.4,100.85,1000,3.26,1
959.47,959.47,1000,14.8,0
946.15,280.91,1000,3.23,1
923.76,473.53,1000,6.74,1
1068.98,257.42,1000,3.23,1
971.38,971.38,1000,9.89,0
1043.59,674.08,1000,3.24,1
1140.48,114.06,1000,8.22,1
1120.19,1120.19,1000,3.27,0
1072.26,1072.26,1000,7.78,0
1124.77,559.73,1000,3.25,1
1041.09,1041.09,1000,8.13,0
994.0,994.0,1000,3.25,0
1020.79,529.31,1000,6.79,1
1009.68,229.6,1000,3.28,1
1071.88,201.34,1000,8.79,1
1084.66,438.3,1000,3.23,1
1084.01,242.46,1000,5.5,1
1147.43,162.93,1000,3.24,1
1129.52,1129.52,1000,8.1,0
1148.68,123.22,1000,3.24,1
1061.3,63.3,1000,6.6,1
1062.98,122.37,1000,3.25,1
1058.45,166.89,1000,6.59,1
1165.54,62.28,1000,3.29,1
1015.19,913.73,1000,6.63,1
1156.92,97.61,1000,3.25,1
1121.87,222.16,1000,9.33,1
1197.28,267.07,1000,3.24,1
1230.36,445.87,1000,7.91,1
1128.76,431.88,1000,3.24,1
1202.32,0,1000,3.26,1
1204.83,70.07,1000,3.26,1
1146.94,116.31,1000,6.6,1
1170.1,85.14,1000,3.23,1
1157.9,202.35,1000,6.84,1
1138.89,70.99,1000,3.25,1
1141.33,109.83,1000,7.05,1
1184.41,76.43,1000,3.24,1
1178.54,1178.54,1000,6.58,0
1054.15,202.49,1000,3.24,1
1155.24,83.42,1000,7.66,1
1188.83,193.02,1000,3.25,1
1186.88,393.89,1000,10.12,1
1114.74,919.52,1000,3.24,1
1242.14,57.39,1000,6.57,1
1108.28,262.92,1000,3.24,1
1221.16,1221.16,1000,6.77,0
1144.2,136.61,1000,3.25,1
1372.93,851.56,1000,6.57,1
1162.7,194.08,1000,3.25,1
1195.61,61.52,1000,5.5,1
1289.65,1085.75,1000,3.24,1
1323.35,115.44,1000,5.47,1
1241.31,248.1,1000,3.23,1
1303.97,261.34,1000,5.62,1
1170.03,515.73,1000,3.26,1
1366.8,458.05,1000,6.99,1
1192.3,1192.3,1000,3.25,0
1259.56,90.15,1000,5.64,1
1263.63,81.28,1000,3.24,1
1077.4,203.09,1000,5.63,1
1144.6,73.98,1000,3.24,1
1181.49,296.05,1000,5.71,1
1125.18,199.84,1000,3.23,1
1170.83,464.82,1000,5.42,1
1280.34,99.23,1000,3.24,1
1148.35,1148.35,1000,5.64,0
1175.17,365.45,1000,3.27,1
1313.91,104.6,1000,5.81,1
1189.0,189.63,1000,3.25,1
1274.25,0,1000,3.26,1
1377.04,366.8,1000,3.21,1
1237.75,1237.75,1000,5.45,0
1377.21,348.89,1000,3.21,1
1156.19,1156.19,1000,5.45,0
1412.1,752.46,1000,3.22,1
1201.04,1201.04,1000,5.6,0
1302.45,1302.45,1000,3.21,0
1303.83,65.79,1000,4.36,1
1336.11,57.8,1000,3.22,1
1312.28,498.55,1000,5.59,1
1241.87,261.4,1000,3.2,1
1336.05,522.81,1000,5.43,1
1249.58,1249.58,1000,3.21,0
1178.11,1178.11,1000,4.37,0
1327.79,224.07,1000,3.23,1
1277.06,1277.06,1000,4.39,0
1199.78,1199.78,1000,3.23,0
1201.12,86.38,1000,4.36,1
1186.41,198.63,1000,3.21,1
1225.79,111.84,1000,4.34,1
1284.97,1284.97,1000,3.21,0
1274.53,1274.53,1000,4.35,0
1202.84,1202.84,1000,3.21,0
1217.99,1217.99,1000,4.36,0
1225.98,1225.98,1000,3.21,0
1329.95,93.19,1000,5.47,1
1206.73,234.35,1000,3.21,1
1187.07,171.28,1000,4.37,1
1163.34,1163.34,1000,3.22,0
1225.55,137.87,1000,4.37,1
1485.84,1485.84,1000,3.21,0
1195.68,1195.68,1000,4.5,0
1190.79,1190.79,1000,3.26,0
1213.19,1213.19,1000,4.41,0
1250.53,1250.53,1000,3.25,0
1328.96,1328.96,1000,4.4,0
1357.87,1357.87,1000,3.23,0
1356.39,1356.39,1000,4.37,0
1272.13,1272.13,1000,3.21,0
1461.98,1461.98,1000,3.22,0
1497.84,1497.84,1000,3.21,0
1338.56,1338.56,1000,4.37,0
1465.28,1465.28,1000,3.2,0
1328.04,1328.04,1000,4.52,0
1266.82,1266.82,1000,3.21,0
1378.03,1378.03,1000,4.36,0
1488.57,1488.57,1000,3.2,0
1617.98,1617.98,1000,5.46,0
1212.34,1212.34,1000,3.2,0
1302.67,1302.67,1000,4.36,0
1733.36,1733.36,1000,3.22,0
1419.76,1419.76,1000,4.35,0
1492.59,1492.59,1000,3.21,0
1710.36,1710.36,1000,4.35,0
1251.97,1251.97,1000,3.21,0
1580.81,1580.81,1000,5.61,0
1183.34,1183.34,1000,3.22,0
1592.62,1592.62,1000,4.53,0
1345.74,1345.74,1000,3.24,0
1456.14,1456.14,1000,4.37,0
1653.89,1653.89,1000,3.2,0
1193.45,1193.45,1000,4.37,0
1452.66,1452.66,1000,3.2,0
1313.99,1313.99,1000,4.35,0
1474.67,1474.67,1000,3.25,0
1628.3,1628.3,1000,4.42,0
1545.69,1545.69,1000,3.24,0
1487.15,1487.15,1000,4.4,0
1709.04,1709.04,1000,3.25,0
1347.67,1347.67,1000,4.42,0
1566.29,1566.29,1000,3.22,0
1717.66,1717.66,1000,5.47,0
1469.56,1469.56,1000,3.22,0
1088.77,778.82,1000,4.36,1
1461.32,1461.32,1000,3.21,0
2104.06,2104.06,1000,4.36,0
1301.83,79.11,1000,3.2,1
1562.18,1562.18,1000,5.6,0
1566.61,1566.61,1000,3.21,0
1654.05,1654.05,1000,3.21,0
1710.12,1710.12,1000,3.21,0
1785.95,1785.95,1000,4.37,0
1714.3,1714.3,1000,3.21,0
1365.35,1365.35,1000,4.38,0
1678.81,1678.81,1000,3.22,0
1668.32,1668.32,1000,4.36,0
2076.28,2076.28,1000,3.26,0
1640.77,1640.77,1000,4.41,0
1905.96,1905.96,1000,3.22,0
1739.21,1739.21,1000,4.42,0
1756.43,1756.43,1000,3.26,0
2074.45,2074.45,1000,4.4,0
1615.81,1615.81,1000,3.24,0
1764.24,1764.24,1000,4.39,0
2095.43,2095.43,1000,3.24,0
1905.37,1905.37,1000,4.4,0
1869.32,1869.32,1000,3.24,0
1647.44,1647.44,1000,4.41,0
1447.44,1447.44,1000,3.25,0
1639.02,1639.02,1000,4.41,0
1902.9,1902.9,1000,3.24,0
2348.92,2348.92,1000,4.4,0
1899.54,1899.54,1000,3.25,0
1809.65,1809.65,1000,4.38,0
1855.88,1855.88,1000,3.21,0
1426.26,1426.26,1000,4.36,0
1365.08,1365.08,1000,3.21,0
2053.75,2053.75,1000,4.36,0
1877.74,1877.74,1000,3.21,0
1837.03,1837.03,1000,4.35,0
1873.0,1873.0,1000,3.2,0
2001.54,2001.54,1000,4.36,0
1933.88,1933.88,1000,3.21,0
1639.17,1639.17,1000,4.4,0
1537.66,1537.66,1000,3.2,0
1983.1,1983.1,1000,4.35,0
1707.89,1707.89,1000,3.2,0
2312.97,2312.97,1000,4.35,0
1907.86,1907.86,1000,3.2,0
1312.83,1312.83,1000,3.23,0
1535.5,1535.5,1000,3.21,0
1302.62,1302.62,1000,4.49,0
2160.27,2160.27,1000,3.2,0
1510.0,1510.0,1000,4.35,0
1960.62,1960.62,1000,3.2,0
1299.61,1299.61,1000,4.35,0
1917.05,1917.05,1000,3.2,0
2178.08,2178.08,1000,4.36,0
1785.66,1785.66,1000,3.26,0
1196.74,1196.74,1000,4.36,0
1978.75,1978.75,1000,3.21,0
1583.68,1583.68,1000,4.5,0
1632.35,1632.35,1000,3.21,0
1421.42,1421.42,1000,4.36,0
1046.19,401.68,1000,3.2,1
1708.38,1708.38,1000,4.36,0
1399.13,1399.13,1000,3.21,0
1530.46,1530.46,1000,4.36,0
1080.57,1080.57,1000,3.21,0
2121.67,2121.67,1000,4.35,0
2098.2,2098.2,1000,3.2,0
1953.44,1953.44,1000,4.36,0
1095.22,1095.22,1000,3.21,0
1408.26,1408.26,1000,4.37,0
1550.79,1550.79,1000,3.22,0
1370.55,1370.55,1000,4.36,0
2121.26,2121.26,1000,3.2,0
1433.15,1433.15,1000,4.37,0
2398.75,2398.75,1000,3.21,0
1511.57,1511.57,1000,4.39,0
1021.65,1021.65,1000,3.23,0
1139.93,1139.93,1000,4.36,0
1935.11,1935.11,1000,3.21,0
1011.01,422.24,1000,4.37,1
1753.66,1753.66,1000,3.21,0
2102.9,2102.9,1000,4.4,0
1330.89,1330.89,1000,3.23,0
1085.89,1085.89,1000,4.42,0
1730.43,1730.43,1000,3.26,0
1680.43,1680.43,1000,3.24,0
1010.62,1010.62,1000,3.24,0
1485.57,1485.57,1000,4.39,0
1605.71,1605.71,1000,3.24,0
2183.02,2183.02,1000,4.38,0
2068.76,2068.76,1000,3.24,0
1863.71,1863.71,1000,4.39,0
1482.86,1482.86,1000,3.24,0
1788.55,1788.55,1000,4.4,0
1648.59,1648.59,1000,3.25,0
1801.65,1801.65,1000,4.39,0
2215.77,2215.77,1000,3.24,0
1877.24,1877.24,1000,4.4,0
2204.35,2204.35,1000,3.25,0
1784.38,1784.38,1000,4.42,0
1547.73,1547.73,1000,3.26,0
1417.88,1417.88,1000,4.43,0
1373.18,1373.18,1000,3.25,0
1683.93,1683.93,1000,4.42,0
2236.43,2236.43,1000,3.28,0
947.7,947.7,1000,4.44,0
2212.19,2212.19,1000,3.23,0
1544.82,1544.82,1000,4.42,0
2291.37,2291.37,1000,3.28,0
1816.61,1816.61,1000,4.44,0
1264.86,1264.86,1000,3.23,0
1004.72,1004.72,1000,4.45,0
2090.76,2090.76,1000,3.26,0
1267.23,1267.23,1000,4.4,0
996.99,666.2,1000,3.24,1
1093.49,1093.49,1000,4.4,0
986.6,799.26,1000,3.2,1
2297.25,2297.25,1000,4.36,0
1235.05,1235.05,1000,3.21,0
1858.38,1858.38,1000,4.52,0
1398.65,1398.65,1000,3.23,0
1302.92,1302.92,1000,4.4,0
2272.43,2272.43,1000,3.25,0
2104.91,2104.91,1000,4.38,0
1411.31,1411.31,1000,3.25,0
1134.9,1134.9,1000,3.2,0
2324.63,2324.63,1000,3.21,0
1693.01,1693.01,1000,4.38,0
1451.6,1451.6,1000,3.21,0
2544.1,2544.1,1000,4.36,0
1963.46,1963.46,1000,3.21,0
2419.83,2419.83,1000,4.35,0
2114.54,2114.54,1000,3.21,0
2591.78,2591.78,1000,4.36,0
2816.58,2816.58,1000,3.2,0
1396.07,1396.07,1000,4.38,0
931.21,544.96,1000,3.24,1
1863.16,1863.16,1000,4.39,0
1787.3,1787.3,1000,3.24,0
1572.77,1572.77,1000,4.54,0
1268.09,1268.09,1000,3.25,0
1343.92,1343.92,1000,4.4,0
2204.03,2204.03,1000,3.24,0
1823.05,1823.05,1000,4.35,0
2138.79,2138.79,1000,3.21,0
859.21,585.54,1000,4.37,1
2375.98,2375.98,1000,3.22,0
2480.36,2480.36,1000,4.37,0
1658.64,1658.64,1000,3.21,0
2440.39,2440.39,1000,4.39,0
1303.89,1303.89,1000,3.24,0
2432.05,2432.05,1000,4.39,0
1939.56,1939.56,1000,3.24,0
1274.73,1274.73,1000,4.41,0
741.08,589.49,1000,3.24,1
1069.3,1069.3,1000,4.54,0
2257.78,2257.78,1000,3.25,0
1551.47,1551.47,1000,4.4,0
1515.42,1515.42,1000,3.24,0
2323.97,2323.97,1000,4.4,0
2325.98,2325.98,1000,3.26,0
2185.49,2185.49,1000,4.41,0
2310.94,2310.94,1000,3.26,0
1974.42,1974.42,1000,4.4,0
804.2,804.2,1000,3.23,0
1804.59,1804.59,1000,3.22,0
638.52,322.75,1000,3.2,1
1766.65,1766.65,1000,4.36,0
1516.32,1516.32,1000,3.25,0
2014.96,2014.96,1000,4.39,0
1137.75,1137.75,1000,3.24,0
1002.06,1002.06,1000,4.39,0
589.26,461.4,1000,3.24,1
1429.25,1429.25,1000,4.39,0
542.83,382.16,1000,3.24,1
765.91,765.91,1000,4.4,0
541.95,541.95,1000,3.24,0
1838.69,1838.69,1000,4.43,0
571.03,571.03,1000,3.24,0
372.61,372.61,1000,4.42,0
1335.59,1335.59,1000,3.26,0
2088.05,2088.05,1000,4.43,0
858.57,858.57,1000,3.27,0
924.81,924.81,1000,4.41,0
2182.9,2182.9,1000,3.25,0
668.82,668.82,1000,4.42,0
1829.45,1829.45,1000,3.26,0
660.74,660.74,1000,4.45,0
2097.33,2097.33,1000,3.23,0
1273.0,1273.0,1000,4.56,0
225.47,225.47,1000,3.27,0
1305.6,1305.6,1000,4.43,0
2295.12,2295.12,1000,3.27,0
2251.61,2251.61,1000,4.41,0
1561.87,1561.87,1000,3.26,0
1486.88,1486.88,1000,4.42,0
1161.98,1161.98,1000,3.26,0
1324.81,1324.81,1000,4.4,0
2074.61,2074.61,1000,3.25,0
1588.67,1588.67,1000,4.42,0
711.69,711.69,1000,3.3,0
912.2,912.2,1000,4.47,0
1143.28,1143.28,1000,3.26,0
720.04,720.04,1000,4.42,0
1608.3,1608.3,1000,3.29,0
981.23,981.23,1000,3.26,0
2540.98,2540.98,1000,3.27,0
1934.02,1934.02,1000,4.43,0
1509.44,1509.44,1000,3.26,0
1616.14,1616.14,1000,4.41,0
990.95,990.95,1000,3.26,0
1421.14,1421.14,1000,4.42,0
757.19,757.19,1000,3.27,0
590.23,590.23,1000,4.41,0
729.12,729.12,1000,3.27,0
905.63,905.63,1000,4.42,0
1138.4,1138.4,1000,3.25,0
2447.79,2447.79,1000,4.42,0
795.13,795.13,1000,3.24,0
553.65,330.93,1000,4.37,1
2141.48,2141.48,1000,3.21,0
1081.8,1081.8,1000,4.36,0
1065.53,1065.53,1000,3.22,0
1776.0,1776.0,1000,4.38,0
782.53,782.53,1000,3.23,0
1046.06,1046.06,1000,4.4,0
1755.97,1755.97,1000,3.22,0
1502.97,1502.97,1000,4.35,0
1133.18,1133.18,1000,3.21,0
1485.28,1485.28,1000,4.37,0
2473.57,2473.57,1000,3.22,0
1036.87,1036.87,1000,4.39,0
2041.14,2041.14,1000,3.24,0
1542.83,1542.83,1000,4.43,0
1181.06,1181.06,1000,3.27,0
1400.9,1400.9,1000,4.43,0
1064.55,1064.55,1000,3.26,0
1078.01,1078.01,1000,4.41,0
928.41,928.41,1000,3.22,0
1132.57,1132.57,1000,4.37,0
1070.24,1070.24,1000,3.22,0
2391.73,2391.73,1000,4.37,0
958.12,958.12,1000,3.21,0
1996.83,1996.83,1000,4.38,0
1271.05,1271.05,1000,3.24,0
1226.51,1226.51,1000,3.22,0
1049.53,1049.53,1000,3.22,0
817.94,817.94,1000,4.37,0
2055.06,2055.06,1000,3.22,0
1640.35,1640.35,1000,4.37,0
1197.9,1197.9,1000,3.21,0
957.18,957.18,1000,4.37,0
1045.15,1045.15,1000,3.21,0
1239.54,1239.54,1000,4.38,0
1962.04,1962.04,1000,3.21,0
1169.25,1169.25,1000,4.37,0
1837.9,1837.9,1000,3.21,0
1129.75,1129.75,1000,4.51,0
2054.39,2054.39,1000,3.21,0
1299.93,1299.93,1000,4.37,0
1138.62,1138.62,1000,3.21,0
1370.25,1370.25,1000,4.37,0
815.57,815.57,1000,3.21,0
1188.81,1188.81,1000,4.41,0
2029.19,2029.19,1000,3.24,0
2165.5,2165.5,1000,4.41,0
1077.92,1077.92,1000,3.24,0
2214.1,2214.1,1000,4.42,0
886.36,886.36,1000,3.25,0
2373.29,2373.29,1000,4.41,0
1746.07,1746.07,1000,3.25,0
1940.52,1940.52,1000,4.41,0
560.91,297.09,1000,3.25,1
891.5,891.5,1000,4.42,0
816.23,816.23,1000,3.25,0
1023.83,1023.83,1000,4.49,0
795.12,795.12,1000,3.25,0
839.07,839.07,1000,4.43,0
1184.37,1184.37,1000,3.25,0
1696.33,1696.33,1000,4.42,0
2035.48,2035.48,1000,3.25,0
1469.99,1469.99,1000,4.41,0
864.38,864.38,1000,3.26,0
636.37,636.37,1000,4.41,0
921.14,921.14,1000,3.21,0
1101.87,1101.87,1000,3.25,0
1836.08,1836.08,1000,3.24,0
1677.78,1677.78,1000,4.4,0
1893.39,1893.39,1000,3.28,0
872.44,872.44,1000,4.45,0
908.98,908.98,1000,3.26,0
1498.28,1498.28,1000,4.41,0
847.64,847.64,1000,3.28,0
1596.97,1596.97,1000,4.45,0
1315.75,1315.75,1000,3.26,0
2084.2,2084.2,1000,4.39,0
2313.17,2313.17,1000,3.24,0
881.89,881.89,1000,4.43,0
1268.53,1268.53,1000,3.26,0
2655.2,2655.2,1000,4.41,0
1993.0,1993.0,1000,3.26,0
2357.84,2357.84,1000,4.43,0
1110.89,1110.89,1000,3.26,0
891.42,891.42,1000,4.42,0
921.36,921.36,1000,3.26,0
1964.05,1964.05,1000,4.56,0
2463.54,2463.54,1000,3.25,0
2053.46,2053.46,1000,4.45,0
2448.37,2448.37,1000,3.26,0
2181.5,2181.5,1000,4.41,0
2287.92,2287.92,1000,3.25,0
2223.67,2223.67,1000,4.41,0
1123.62,1123.62,1000,3.25,0
829.2,829.2,1000,4.42,0
1514.27,1514.27,1000,3.25,0
1603.44,1603.44,1000,4.39,0
1116.23,1116.23,1000,3.24,0
2283.63,2283.63,1000,4.4,0
1023.44,1023.44,1000,3.24,0
1370.41,1370.41,1000,4.41,0
1501.69,1501.69,1000,3.25,0
2312.07,2312.07,1000,4.41,0
1085.2,1085.2,1000,3.24,0
927.71,927.71,1000,4.42,0
712.6,712.6,1000,3.26,0
2043.86,2043.86,1000,3.27,0
2223.89,2223.89,1000,3.26,0
1244.62,1244.62,1000,4.42,0
1768.4,1768.4,1000,3.25,0
1759.44,1759.44,1000,4.41,0
2185.14,2185.14,1000,3.26,0
652.16,652.16,1000,4.41,0
815.26,815.26,1000,3.26,0
2368.39,2368.39,1000,4.41,0
1691.18,1691.18,1000,3.27,0
964.03,964.03,1000,4.44,0
885.34,885.34,1000,3.25,0
699.56,699.56,1000,4.42,0
1963.44,1963.44,1000,3.26,0
873.76,873.76,1000,4.57,0
2364.95,2364.95,1000,3.27,0
2382.29,2382.29,1000,4.43,0
1448.12,1448.12,1000,3.27,0
2011.6,2011.6,1000,4.43,0
1013.56,1013.56,1000,3.26,0
697.82,697.82,1000,4.42,0
2211.57,2211.57,1000,3.24,0
2121.52,2121.52,1000,4.44,0
2447.28,2447.28,1000,3.27,0
2050.16,2050.16,1000,4.41,0
653.46,653.46,1000,3.26,0
693.74,693.74,1000,4.42,0
2489.42,2489.42,1000,3.35,0
2548.62,2548.62,1000,4.42,0
2256.3,2256.3,1000,3.26,0
2360.29,2360.29,1000,4.43,0
2488.18,2488.18,1000,3.25,0
1579.19,1579.19,1000,4.4,0
2480.13,2480.13,1000,3.26,0
1227.34,1227.34,1000,4.44,0
2522.9,2522.9,1000,3.26,0
2508.85,2508.85,1000,4.44,0
2495.52,2495.52,1000,3.23,0
1808.77,1808.77,1000,4.39,0
1811.39,1811.39,1000,3.24,0
1232.21,1232.21,1000,3.28,0
2612.6,2612.6,1000,3.26,0
589.73,589.73,1000,4.39,0
1698.92,1698.92,1000,3.24,0
851.14,851.14,1000,4.39,0
721.15,721.15,1000,3.26,0
2658.24,2658.24,1000,4.41,0
1358.83,1358.83,1000,3.27,0
2151.94,2151.94,1000,4.43,0
1737.22,1737.22,1000,3.26,0
1641.69,1641.69,1000,4.44,0
2601.83,2601.83,1000,3.27,0
2442.64,2442.64,1000,4.43,0
2749.46,2749.46,1000,3.25,0
2779.46,2779.46,1000,4.43,0
1715.95,1715.95,1000,3.27,0
2855.03,2855.03,1000,4.42,0
1574.0,1574.0,1000,3.26,0
2162.12,2162.12,1000,4.43,0
1758.8,1758.8,1000,3.28,0
2600.38,2600.38,1000,4.45,0
1351.3,1351.3,1000,3.23,0
1496.41,1496.41,1000,4.41,0
674.45,674.45,1000,3.3,0
2283.22,2283.22,1000,4.46,0
1248.52,1248.52,1000,3.26,0
695.41,695.41,1000,4.4,0
2762.26,2762.26,1000,3.26,0
2255.36,2255.36,1000,4.41,0
1369.38,1369.38,1000,3.26,0
2455.38,2455.38,1000,4.42,0
2700.89,2700.89,1000,3.26,0
2330.39,2330.39,1000,4.43,0
2332.67,2332.67,1000,3.26,0
2323.27,2323.27,1000,4.41,0
2263.29,2263.29,1000,3.26,0
737.91,737.91,1000,4.57,0
2839.42,2839.42,1000,3.27,0
2806.13,2806.13,1000,4.43,0
2667.73,2667.73,1000,3.27,0
2391.13,2391.13,1000,3.23,0
1062.85,1062.85,1000,3.23,0
2921.48,2921.48,1000,4.37,0
2901.93,2901.93,1000,3.23,0
2904.45,2904.45,1000,4.42,0
664.32,664.32,1000,3.28,0
1722.05,1722.05,1000,4.42,0
381.66,381.66,1000,3.24,0
753.71,753.71,1000,4.36,0
2882.76,2882.76,1000,3.22,0
2900.73,2900.73,1000,4.4,0
673.9,673.9,1000,3.24,0
660.79,660.79,1000,4.37,0
2086.72,2086.72,1000,3.21,0
1216.94,1216.94,1000,4.38,0
2763.52,2763.52,1000,3.23,0
2608.88,2608.88,1000,4.36,0
2699.04,2699.04,1000,3.22,0
2859.45,2859.45,1000,4.37,0
708.98,708.98,1000,3.22,0
2934.8,2934.8,1000,4.37,0
2497.65,2497.65,1000,3.21,0
2200.52,2200.52,1000,4.37,0
577.43,577.43,1000,3.22,0
2210.75,2210.75,1000,4.37,0
2991.87,2991.87,1000,3.22,0
2961.76,2961.76,1000,4.38,0
2980.86,2980.86,1000,3.22,0
665.45,665.45,1000,4.38,0
2973.09,2973.09,1000,3.23,0
1694.42,1694.42,1000,4.56,0
3032.46,3032.46,1000,3.23,0
2454.46,2454.46,1000,4.52,0
757.12,757.12,1000,3.23,0
2433.87,2433.87,1000,4.39,0
1168.46,1168.46,1000,3.26,0
2415.18,2415.18,1000,4.41,0
1164.87,1164.87,1000,3.23,0
2839.61,2839.61,1000,4.38,0
2698.91,2698.91,1000,3.23,0
1996.76,1996.76,1000,3.22,0
2903.98,2903.98,1000,3.22,0
1575.86,1575.86,1000,4.52,0
2804.22,2804.22,1000,3.23,0
2859.59,2859.59,1000,4.4,0
2860.46,2860.46,1000,3.23,0
3186.73,3186.73,1000,4.4,0
571.1,571.1,1000,3.24,0
936.71,936.71,1000,4.42,0
1701.55,1701.55,1000,3.26,0
2700.04,2700.04,1000,4.44,0
3118.85,3118.85,1000,3.26,0
3268.6,3268.6,1000,4.41,0
1067.59,1067.59,1000,3.24,0
1565.01,1565.01,1000,4.39,0
2769.25,2769.25,1000,3.23,0
3009.97,3009.97,1000,4.38,0
3069.65,3069.65,1000,3.24,0
1268.84,1268.84,1000,4.38,0
3220.22,3220.22,1000,3.22,0
1999.16,1999.16,1000,4.38,0
3095.65,3095.65,1000,3.21,0
3174.06,3174.06,1000,4.38,0
3136.69,3136.69,1000,3.23,0
3357.03,3357.03,1000,4.38,0
3412.15,3412.15,1000,3.22,0
3243.58,3243.58,1000,4.51,0
3421.73,3421.73,1000,3.21,0
3279.94,3279.94,1000,4.38,0
662.26,662.26,1000,3.22,0
812.19,812.19,1000,4.37,0
2284.69,2284.69,1000,3.22,0
711.34,711.34,1000,4.36,0
3167.51,3167.51,1000,3.25,0
3290.28,3290.28,1000,4.43,0
2910.55,2910.55,1000,3.29,0
2441.91,2441.91,1000,4.4,0
2848.2,2848.2,1000,3.22,0
1303.09,1303.09,1000,4.37,0
1447.61,1447.61,1000,3.22,0
1992.93,1992.93,1000,3.24,0
578.24,578.24,1000,3.22,0
3187.86,3187.86,1000,4.37,0
3209.5,3209.5,1000,3.22,0
2778.96,2778.96,1000,4.37,0
1945.87,1945.87,1000,3.22,0
1615.56,1615.56,1000,4.4,0
629.46,629.46,1000,3.22,0
3529.08,3529.08,1000,4.38,0
3567.24,3567.24,1000,3.23,0
831.17,831.17,1000,4.4,0
2074.38,2074.38,1000,3.22,0
1979.22,1979.22,1000,4.36,0
1062.4,1062.4,1000,3.22,0
3269.39,3269.39,1000,4.38,0
2762.96,2762.96,1000,3.33,0
1165.6,1165.6,1000,4.37,0
2752.64,2752.64,1000,3.22,0
3265.35,3265.35,1000,4.38,0
566.96,566.96,1000,3.22,0
3711.24,3711.24,1000,4.39,0
1559.82,1559.82,1000,3.22,0
548.18,548.18,1000,4.43,0
2717.5,2717.5,1000,3.26,0
1097.6,1097.6,1000,4.43,0
1771.09,1771.09,1000,3.26,0
2564.56,2564.56,1000,4.42,0
705.23,705.23,1000,3.27,0
1255.45,1255.45,1000,4.43,0
1062.55,1062.55,1000,3.25,0
3493.04,3493.04,1000,4.44,0
675.27,675.27,1000,3.27,0
2516.88,2516.88,1000,4.43,0
1745.7,1745.7,1000,3.28,0
677.86,677.86,1000,4.57,0
674.65,674.65,1000,3.26,0
3300.86,3300.86,1000,4.44,0
1526.53,1526.53,1000,3.27,0
1173.23,1173.23,1000,4.41,0
716.78,716.78,1000,3.26,0
926.11,926.11,1000,3.25,0
1884.74,1884.74,1000,3.27,0
3400.9,3400.9,1000,4.43,0
1492.04,1492.04,1000,3.28,0
596.86,596.86,1000,4.43,0
801.64,801.64,1000,3.27,0
444.14,336.93,1000,4.41,1
1891.15,1891.15,1000,3.26,0
523.54,523.54,1000,4.44,0
871.0,871.0,1000,3.24,0
603.17,603.17,1000,4.43,0
3337.04,3337.04,1000,3.26,0
3509.51,3509.51,1000,4.4,0
3549.45,3549.45,1000,3.25,0
3389.96,3389.96,1000,4.42,0
3441.21,3441.21,1000,3.25,0
1003.72,1003.72,1000,4.43,0
2908.86,2908.86,1000,3.24,0
3134.62,3134.62,1000,4.42,0
3716.72,3716.72,1000,3.27,0
3467.23,3467.23,1000,4.43,0
3368.09,3368.09,1000,3.25,0
2496.54,2496.54,1000,4.4,0
3444.83,3444.83,1000,3.26,0
1023.02,1023.02,1000,4.41,0
3645.85,3645.85,1000,3.25,0
3171.26,3171.26,1000,4.43,0
3903.42,3903.42,1000,3.26,0
2678.19,2678.19,1000,4.38,0
3014.43,3014.43,1000,3.23,0
3386.28,3386.28,1000,4.37,0
3584.35,3584.35,1000,3.23,0
3243.52,3243.52,1000,4.41,0
2905.16,2905.16,1000,3.28,0
771.99,771.99,1000,4.41,0
3369.43,3369.43,1000,3.24,0
3530.19,3530.19,1000,4.42,0
3552.14,3552.14,1000,3.22,0
3484.11,3484.11,1000,4.38,0
3665.1,3665.1,1000,3.22,0
3330.51,3330.51,1000,3.23,0
3252.78,3252.78,1000,3.22,0
3591.58,3591.58,1000,4.39,0
3793.6,3793.6,1000,3.22,0
3743.94,3743.94,1000,4.36,0
-197.22,-197.22,1000,3.28,0
-248.63,-248.63,1000,4.41,0
-216.99,-216.99,1000,3.3,0
3805.46,3805.46,1000,4.57,0
3581.22,3581.22,1000,3.3,0
-344.79,-344.79,1000,4.44,0
-371.22,-371.22,1000,3.3,0
3708.58,3708.58,1000,4.44,0
-445.56,-445.56,1000,3.3,0
-450.68,-450.68,1000,4.45,0
-445.08,-445.08,1000,3.3,0
-421.61,-421.61,1000,4.45,0
-384.52,-384.52,1000,3.24,0
1996.99,1996.99,1000,4.44,0
1407.23,1407.23,1000,3.29,0
3854.09,3854.09,1000,4.45,0
-414.1,-414.1,1000,3.31,0
-377.89,-377.89,1000,4.42,0
3001.4,3001.4,1000,3.22,0
-401.9,-401.9,1000,4.44,0
-427.38,-427.38,1000,3.3,0
2954.28,2954.28,1000,4.48,0
-460.42,-460.42,1000,3.34,0
-474.95,-474.95,1000,4.5,0
1797.14,1797.14,1000,3.31,0
3271.65,3271.65,1000,4.51,0
2743.15,2743.15,1000,3.28,0
-507.48,-507.48,1000,4.46,0
1993.97,1993.97,1000,3.35,0
-512.82,-512.82,1000,4.44,0
-462.08,-462.08,1000,3.28,0
-501.36,-501.36,1000,4.56,0
-510.04,-510.04,1000,3.32,0
-499.14,-499.14,1000,4.56,0
-511.57,-511.57,1000,3.2,0
-474.45,-474.45,1000,3.34,0
-532.26,-532.26,1000,3.34,0
2063.51,2063.51,1000,4.64,0
3094.79,3094.79,1000,3.33,0
250.96,250.96,1000,4.42,0
-515.34,-515.34,1000,3.27,0
3496.27,3496.27,1000,4.5,0
-556.65,-556.65,1000,3.36,0
-564.13,-564.13,1000,4.51,0
3862.48,3862.48,1000,3.29,0
-566.08,-566.08,1000,4.51,0
-554.79,-554.79,1000,3.36,0
-548.57,-548.57,1000,4.52,0
-541.64,-541.64,1000,3.36,0
-535.38,-535.38,1000,4.54,0
-543.74,-543.74,1000,3.32,0
-535.97,-535.97,1000,4.65,0
-536.23,-536.23,1000,3.33,0
-546.58,-546.58,1000,4.5,0
-533.18,-533.18,1000,3.37,0
-549.85,-549.85,1000,4.51,0
-541.03,-541.03,1000,3.34,0
-550.63,-550.63,1000,4.5,0
-543.38,-543.38,1000,3.38,0
-540.53,-540.53,1000,4.54,0
-540.4,-540.4,1000,3.35,0
-527.0,-527.0,1000,4.52,0
-412.53,-412.53,1000,3.37,0
-517.6,-517.6,1000,4.51,0
-548.09,-548.09,1000,3.35,0
-537.07,-537.07,1000,4.54,0
-550.69,-550.69,1000,3.36,0
-539.48,-539.48,1000,4.52,0
-526.11,-526.11,1000,3.36,0
-489.81,-489.81,1000,4.52,0
-338.43,-338.43,1000,3.37,0
-518.13,-518.13,1000,4.53,0
-516.22,-516.22,1000,3.38,0
-548.45,-548.45,1000,4.53,0
-558.55,-558.55,1000,3.31,0
-552.13,-552.13,1000,3.38,0
-563.42,-563.42,1000,3.36,0
-560.22,-560.22,1000,4.52,0
-253.88,-253.88,1000,3.36,0
-549.63,-549.63,1000,4.44,0
-547.4,-547.4,1000,3.34,0
3321.43,3321.43,1000,4.51,0
-448.09,-448.09,1000,3.3,0
494.56,494.56,1000,4.51,0
3469.34,3469.34,1000,3.33,0
3392.38,3392.38,1000,4.45,0
-559.77,-559.77,1000,3.27,0
-474.67,-474.67,1000,4.41,0
-532.27,-532.27,1000,3.21,0
-539.24,-539.24,1000,4.41,0
-539.26,-539.26,1000,3.35,0
267.09,267.09,1000,4.42,0
-524.68,-524.68,1000,3.25,0
1643.08,1643.08,1000,4.52,0
-538.35,-538.35,1000,3.35,0
-439.75,-439.75,1000,4.41,0
2812.41,2812.41,1000,3.27,0
-512.08,-512.08,1000,4.37,0
2783.74,2783.74,1000,3.26,0
-491.21,-491.21,1000,4.59,0
3434.2,3434.2,1000,3.31,0
3349.85,3349.85,1000,4.57,0
3341.88,3341.88,1000,3.32,0
-454.29,-454.29,1000,4.37,0
-369.36,-369.36,1000,3.24,0
3070.52,3070.52,1000,4.46,0
3322.49,3322.49,1000,3.27,0
3285.61,3285.61,1000,4.42,0
3160.86,3160.86,1000,3.25,0
3181.98,3181.98,1000,4.4,0
2175.35,2175.35,1000,3.22,0
1.34,51.92,1000,4.41,1
2952.28,2952.28,1000,3.23,0
1842.69,1842.69,1000,4.45,0
2457.44,2457.44,1000,3.24,0
2799.26,2799.26,1000,3.21,0
549.74,549.74,1000,3.21,0
1176.36,1176.36,1000,4.38,0
1004.84,1004.84,1000,3.25,0
2492.23,2492.23,1000,4.36,0
2304.5,2304.5,1000,3.23,0
1384.51,1384.51,1000,4.41,0
2530.6,2530.6,1000,3.27,0
2424.21,2424.21,1000,4.45,0
1567.73,1567.73,1000,3.24,0
657.29,657.29,1000,4.38,0
2362.46,2362.46,1000,3.24,0
308.11,230.94,1000,4.4,1
2364.41,2364.41,1000,3.23,0
731.09,731.09,1000,4.38,0
2331.69,2331.69,1000,3.25,0
2289.83,2289.83,1000,4.37,0
994.75,994.75,1000,3.25,0
2532.06,2532.06,1000,4.41,0
682.11,682.11,1000,3.23,0
2600.69,2600.69,1000,4.48,0
2989.41,2989.41,1000,3.24,0
3030.82,3030.82,1000,4.39,0
2817.61,2817.61,1000,3.27,0
2862.42,2862.42,1000,4.41,0
2850.1,2850.1,1000,3.31,0
806.95,806.95,1000,4.42,0
2153.83,2153.83,1000,3.3,0
2865.24,2865.24,1000,4.41,0
2788.58,2788.58,1000,3.23,0
2425.1,2425.1,1000,4.39,0
2616.25,2616.25,1000,3.23,0
2785.19,2785.19,1000,4.4,0
1716.44,1716.44,1000,3.23,0
2542.63,2542.63,1000,4.4,0
537.05,438.16,1000,3.22,1
1045.59,1045.59,1000,4.38,0
2842.18,2842.18,1000,3.22,0
545.49,545.49,1000,4.39,0
1021.93,1021.93,1000,3.25,0
1516.16,1516.16,1000,3.26,0
859.71,859.71,1000,3.26,0
2943.71,2943.71,1000,4.41,0
724.67,724.67,1000,3.31,0
510.1,482.38,1000,4.42,1
2811.67,2811.67,1000,3.3,0
3034.01,3034.01,1000,4.47,0
677.09,677.09,1000,3.26,0
3035.09,3035.09,1000,4.43,0
3191.59,3191.59,1000,3.24,0
3190.94,3190.94,1000,4.49,0
2164.28,2164.28,1000,3.3,0
1525.85,1525.85,1000,4.44,0
581.66,581.66,1000,3.28,0
3043.17,3043.17,1000,4.45,0
1414.34,1414.34,1000,3.29,0
2047.85,2047.85,1000,4.58,0
3094.26,3094.26,1000,3.3,0
1326.96,1326.96,1000,4.43,0
602.33,602.33,1000,3.27,0
1473.35,1473.35,1000,4.46,0
1313.87,1313.87,1000,3.29,0
3408.32,3408.32,1000,4.45,0
3277.27,3277.27,1000,3.26,0
1628.93,1628.93,1000,4.44,0
3400.94,3400.94,1000,3.27,0
456.81,444.82,1000,4.43,1
713.92,713.92,1000,3.31,0
3252.11,3252.11,1000,4.56,0
3183.74,3183.74,1000,3.25,0
1466.01,1466.01,1000,4.38,0
3265.39,3265.39,1000,3.22,0
3277.1,3277.1,1000,4.38,0
2655.6,2655.6,1000,3.24,0
1150.99,1150.99,1000,4.48,0
3329.6,3329.6,1000,3.28,0
2991.57,2991.57,1000,4.37,0
1753.02,1753.02,1000,3.24,0
1981.71,1981.71,1000,4.41,0
1842.25,1842.25,1000,3.29,0
3417.12,0,1000,3.27,1
1110.36,1110.36,1000,3.26,0
1572.06,1572.06,1000,4.44,0
2074.7,2074.7,1000,3.28,0
2972.8,2972.8,1000,4.45,0
2629.19,2629.19,1000,3.28,0
1923.58,1923.58,1000,4.46,0
2717.57,2717.57,1000,3.27,0
1561.49,1561.49,1000,4.43,0
2633.75,2633.75,1000,3.26,0
2990.3,2990.3,1000,4.45,0
2853.6,2853.6,1000,3.27,0
1684.96,1684.96,1000,4.45,0
1798.4,1798.4,1000,3.27,0
650.02,430.46,1000,4.46,1
1429.09,1429.09,1000,3.28,0
1665.31,1665.31,1000,4.43,0
1147.16,1147.16,1000,3.29,0
3337.47,3337.47,1000,4.45,0
2360.21,2360.21,1000,3.28,0
3104.44,3104.44,1000,4.45,0
3450.51,3450.51,1000,3.29,0
3236.51,3236.51,1000,4.43,0
3389.72,3389.72,1000,3.26,0
2091.98,2091.98,1000,4.45,0
2507.69,2507.69,1000,3.29,0
3307.12,3307.12,1000,4.44,0
1349.95,1349.95,1000,3.27,0
1547.5,1547.5,1000,4.41,0
2153.93,2153.93,1000,3.25,0
3535.09,3535.09,1000,4.41,0
2647.3,2647.3,1000,3.27,0
3478.5,3478.5,1000,4.44,0
3592.01,3592.01,1000,3.28,0
3459.17,3459.17,1000,4.4,0
991.07,991.07,1000,3.24,0
3452.6,3452.6,1000,4.42,0
3207.83,3207.83,1000,3.29,0
3463.73,3463.73,1000,4.39,0
3226.85,3226.85,1000,3.23,0
3558.92,3558.92,1000,3.24,0
632.82,632.82,1000,3.23,0
3346.34,3346.34,1000,4.39,0
3057.67,3057.67,1000,3.23,0
3201.32,3201.32,1000,4.38,0
1807.57,1807.57,1000,3.22,0
841.71,841.71,1000,4.39,0
3266.47,3266.47,1000,3.23,0
3418.59,3418.59,1000,4.41,0
3298.98,3298.98,1000,3.23,0
2163.02,2163.02,1000,4.39,0
3192.91,3192.91,1000,3.23,0
338.94,165.67,1000,4.42,1
3262.94,3262.94,1000,3.24,0
-81.62,-81.62,1000,4.44,0
1680.56,1680.56,1000,3.28,0
367.69,367.69,1000,4.53,0
13.01,13.01,1000,3.28,0
3267.89,3267.89,1000,4.41,0
3345.87,3345.87,1000,3.24,0
85.66,85.66,1000,4.4,0
2479.77,2479.77,1000,3.23,0
-372.77,-372.77,1000,4.38,0
2870.11,2870.11,1000,3.23,0
3182.93,3182.93,1000,4.42,0
2288.02,2288.02,1000,3.23,0
-453.2,-453.2,1000,4.37,0
3370.21,3370.21,1000,3.26,0
2331.89,2331.89,1000,4.41,0
-74.5,-74.5,1000,3.23,0
1286.02,1286.02,1000,4.42,0
-293.92,-293.92,1000,3.22,0
1489.5,1489.5,1000,4.51,0
816.02,816.02,1000,3.23,0
2680.23,2680.23,1000,4.39,0
1210.82,1210.82,1000,3.28,0
2576.18,2576.18,1000,4.38,0
625.65,625.65,1000,3.22,0
1624.16,1624.16,1000,4.38,0
2429.31,2429.31,1000,3.22,0
-305.86,-305.86,1000,3.21,0
2643.86,2643.86,1000,3.22,0
2843.05,2843.05,1000,4.41,0
1417.78,1417.78,1000,3.24,0
3062.97,3062.97,1000,4.41,0
2193.34,2193.34,1000,3.23,0
2625.92,2625.92,1000,4.39,0
2481.45,2481.45,1000,3.24,0
-353.06,-353.06,1000,4.43,0
2462.6,2462.6,1000,3.27,0
2696.59,2696.59,1000,4.39,0
1966.43,1966.43,1000,3.23,0
2748.23,2748.23,1000,4.39,0
2581.18,2581.18,1000,3.22,0
2399.86,2399.86,1000,4.4,0
2545.33,2545.33,1000,3.26,0
3227.88,3227.88,1000,4.38,0
3268.52,3268.52,1000,3.24,0
2593.83,2593.83,1000,4.41,0
2571.91,2571.91,1000,3.24,0
2002.53,2002.53,1000,4.4,0
2216.84,2216.84,1000,3.24,0
1883.49,1883.49,1000,4.41,0
1964.17,1964.17,1000,3.22,0
1848.38,1848.38,1000,4.42,0
1539.68,1539.68,1000,3.22,0
2241.54,2241.54,1000,4.56,0
2500.12,2500.12,1000,3.26,0
340.61,340.61,1000,4.37,0
184.46,184.46,1000,3.21,0
-407.61,-407.61,1000,4.36,0
2619.69,2619.69,1000,3.24,0
2289.68,2289.68,1000,4.41,0
1478.99,1478.99,1000,3.29,0
1655.13,1655.13,1000,4.44,0
-285.28,-285.28,1000,3.25,0
1500.14,1500.14,1000,4.48,0
1687.67,1687.67,1000,3.26,0
6.41,6.41,1000,4.42,0
1470.48,1470.48,1000,3.29,0
2036.7,2036.7,1000,3.26,0
-70.48,-70.48,1000,3.24,0
2273.02,2273.02,1000,4.4,0
1204.09,1204.09,1000,3.25,0
2992.65,2992.65,1000,4.42,0
3008.0,3008.0,1000,3.25,0
2896.06,2896.06,1000,4.55,0
1882.86,1882.86,1000,3.26,0
2427.68,2427.68,1000,4.39,0
2080.07,2080.07,1000,3.24,0
2688.71,2688.71,1000,4.39,0
2526.0,2526.0,1000,3.25,0
2132.42,2132.42,1000,4.39,0
2779.83,2779.83,1000,3.23,0
2829.69,2829.69,1000,4.41,0
1992.01,1992.01,1000,3.23,0
385.09,385.09,1000,4.44,0
2309.8,2309.8,1000,3.24,0
2865.35,2865.35,1000,4.4,0
2715.22,2715.22,1000,3.24,0
1432.17,1432.17,1000,4.57,0
3157.58,3157.58,1000,3.24,0
3433.87,3433.87,1000,4.4,0
3176.25,3176.25,1000,3.26,0
776.53,776.53,1000,4.38,0
414.76,414.76,1000,3.22,0
3574.07,3574.07,1000,4.4,0
3676.58,3676.58,1000,3.28,0
3002.77,3002.77,1000,4.45,0
217.06,209.58,1000,3.26,1
3362.62,3362.62,1000,4.45,0
3245.26,3245.26,1000,3.29,0
2735.53,2735.53,1000,4.44,0
3301.87,3301.87,1000,3.27,0
2830.0,2830.0,1000,4.42,0
1729.76,1729.76,1000,3.25,0
3380.89,3380.89,1000,4.4,0
1870.64,1870.64,1000,3.27,0
3384.29,3384.29,1000,4.43,0
3203.85,3203.85,1000,3.29,0
578.53,578.53,1000,3.26,0
1267.77,1267.77,1000,3.28,0
1930.22,1930.22,1000,4.44,0
563.1,563.1,1000,3.27,0
2424.84,2424.84,1000,4.41,0
3343.02,3343.02,1000,3.25,0
2296.15,2296.15,1000,4.38,0
3247.54,3247.54,1000,3.25,0
788.0,788.0,1000,4.43,0
2756.84,2756.84,1000,3.27,0
1262.98,1262.98,1000,4.42,0
2758.1,2758.1,1000,3.26,0
835.38,835.38,1000,4.43,0
1202.44,1202.44,1000,3.26,0
1583.42,1583.42,1000,4.43,0
2426.43,2426.43,1000,3.27,0
1253.85,1253.85,1000,4.45,0
763.47,763.47,1000,3.3,0
1818.97,1818.97,1000,4.45,0
2459.54,2459.54,1000,3.25,0
1135.06,1135.06,1000,4.55,0
1953.88,1953.88,1000,3.3,0
1848.39,1848.39,1000,4.45,0
2602.36,2602.36,1000,3.27,0
1582.3,1582.3,1000,4.39,0
2881.38,2881.38,1000,3.25,0
1515.6,1515.6,1000,4.39,0
1585.77,1585.77,1000,3.24,0
2953.42,2953.42,1000,4.54,0
302.45,295.15,1000,3.27,1
2475.95,2475.95,1000,4.41,0
539.6,539.6,1000,3.27,0
1880.75,1880.75,1000,4.39,0
1513.53,1513.53,1000,3.27,0
1422.47,1422.47,1000,4.42,0
588.14,588.14,1000,3.24,0
3462.74,3462.74,1000,4.42,0
1225.18,1225.18,1000,3.27,0
340.21,340.21,1000,4.42,0
3118.49,3118.49,1000,3.3,0
3129.74,3129.74,1000,3.24,0
2940.89,2940.89,1000,3.23,0
506.53,506.53,1000,4.54,0
268.34,245.83,1000,3.24,1
476.07,476.07,1000,4.4,0
645.17,645.17,1000,3.26,0
-123.1,-123.1,1000,4.41,0
522.9,522.9,1000,3.27,0
1567.03,1567.03,1000,4.42,0
601.04,601.04,1000,3.23,0
1745.71,1745.71,1000,4.54,0
130.25,130.25,1000,3.22,0
69.91,69.91,1000,4.39,0
810.21,810.21,1000,3.26,0
144.3,144.3,1000,4.43,0
384.2,384.2,1000,3.26,0
-28.81,-28.81,1000,4.46,0
303.95,303.95,1000,3.25,0
610.4,610.4,1000,4.4,0
425.46,425.46,1000,3.25,0
1153.67,1153.67,1000,4.4,0
225.81,225.81,1000,3.25,0
710.8,710.8,1000,4.41,0
98.89,98.89,1000,3.27,0
797.72,797.72,1000,4.41,0
871.06,871.06,1000,3.27,0
970.49,970.49,1000,4.42,0
97.75,97.75,1000,3.24,0
1914.0,1914.0,1000,4.4,0
537.03,537.03,1000,3.26,0
218.81,218.81,1000,4.41,0
239.78,180.37,1000,3.28,1
381.42,351.77,1000,4.44,1
149.21,119.46,1000,3.28,1
550.54,550.54,1000,4.4,0
803.49,803.49,1000,3.24,0
2514.59,2514.59,1000,4.4,0
769.51,769.51,1000,3.24,0
362.36,315.74,1000,4.39,1
534.71,534.71,1000,3.23,0
